acceleration,maximum,volume_threshold,rsi_ceiling,max_positions,rebalance_interval,stop_loss,take_profit,total_return,annual_return,annual_volatility,sharpe_ratio,max_drawdown,benchmark_total_return,excess_total_return,benchmark_annual_return,excess_annual_return,benchmark_max_drawdown,max_drawdown_gap,beats_benchmark_total_return,beats_benchmark_annual_return,calmar_ratio,information_ratio,positive_day_ratio,trade_win_rate,average_win,average_loss,payoff_ratio,profit_factor,average_holding_days,turnover,average_exposure,median_exposure,low_exposure_day_ratio,average_positions,zero_position_day_ratio,executed_trade_count,sell_trade_count,unique_symbols_traded,top_symbol_trade_value_share,final_value,passes_selection_constraints,meets_sample_in_floor,excess_total_return_for_score
0.003,0.05,0.0,100,30,20,0.3,10.0,0.5378755690921428,0.09313387107570015,0.17242259111945912,0.366157767760022,-0.28224953271321185,0.5022165042569666,0.035659064835176224,0.08784081912570496,0.005293051949995187,-0.32461968881054826,0.04237015609733641,1.0,1.0,0.32996997437133624,0.0036714727702092066,0.5069843878389483,0.42704626334519574,0.13588539457600715,-0.062171594310692954,2.1856507957145324,1.4256762530938902,54.78291814946619,51.373905137042726,0.7628082224923372,0.8350543542507831,0.06896551724137931,17.136288998357966,0.034482758620689655,1135.0,562.0,93.0,0.036849766654777925,1537875.5690921429,1.0,0.0,0.035659064835176224
0.003,0.05,0.0,100,30,20,1.0,10.0,0.5378755690921428,0.09313387107570015,0.17242259111945912,0.366157767760022,-0.28224953271321185,0.5022165042569666,0.035659064835176224,0.08784081912570496,0.005293051949995187,-0.32461968881054826,0.04237015609733641,1.0,1.0,0.32996997437133624,0.0036714727702092066,0.5069843878389483,0.42704626334519574,0.13588539457600715,-0.062171594310692954,2.1856507957145324,1.4256762530938902,54.78291814946619,51.373905137042726,0.7628082224923372,0.8350543542507831,0.06896551724137931,17.136288998357966,0.034482758620689655,1135.0,562.0,93.0,0.036849766654777925,1537875.5690921429,1.0,0.0,0.035659064835176224
0.003,0.05,0.0,100,30,60,0.3,10.0,0.3968022859673519,0.07158818859787885,0.11564677757857282,0.3596138990524226,-0.2527896847602128,0.5022165042569666,-0.10541421828961473,0.08784081912570496,-0.016252630527826106,-0.32461968881054826,0.07183000405033546,0.0,0.0,0.28319268116412594,-0.18874732852793993,0.4732949876746097,0.4358974358974359,0.12841516618297502,-0.054169318684816364,2.3706254629148535,1.5223511615100218,48.08974358974359,36.06947015016315,0.4721969410086538,0.4244018181004107,0.24548440065681446,10.236453201970443,0.09688013136288999,790.0,390.0,87.0,0.03294420819457171,1396802.2859673519,1.0,0.0,-0.10541421828961473
0.003,0.05,0.0,100,30,60,1.0,10.0,0.3968022859673519,0.07158818859787885,0.11564677757857282,0.3596138990524226,-0.2527896847602128,0.5022165042569666,-0.10541421828961473,0.08784081912570496,-0.016252630527826106,-0.32461968881054826,0.07183000405033546,0.0,0.0,0.28319268116412594,-0.18874732852793993,0.4732949876746097,0.4358974358974359,0.12841516618297502,-0.054169318684816364,2.3706254629148535,1.5223511615100218,48.08974358974359,36.06947015016315,0.4721969410086538,0.4244018181004107,0.24548440065681446,10.236453201970443,0.09688013136288999,790.0,390.0,87.0,0.03294420819457171,1396802.2859673519,1.0,0.0,-0.10541421828961473
0.003,0.05,0.0,100,50,20,0.3,10.0,0.487278334822115,0.08559382017372719,0.17495300222989152,0.3177643107871671,-0.28380632780633563,0.5022165042569666,-0.0149381694348516,0.08784081912570496,-0.0022469989519777744,-0.32461968881054826,0.04081336100421262,0.0,0.0,0.30159235995659295,-0.042415370630606325,0.5086277732128184,0.4189406099518459,0.1337241245191168,-0.06590462498931952,2.0290552376375417,1.3537443552901847,54.479935794542534,52.53002984214338,0.7594579199031386,0.8426404129353595,0.06896551724137931,18.91215106732348,0.034482758620689655,1259.0,623.0,96.0,0.037610783087904505,1487278.334822115,1.0,0.0,-0.0149381694348516
0.003,0.05,0.0,100,50,20,1.0,10.0,0.487278334822115,0.08559382017372719,0.17495300222989152,0.3177643107871671,-0.28380632780633563,0.5022165042569666,-0.0149381694348516,0.08784081912570496,-0.0022469989519777744,-0.32461968881054826,0.04081336100421262,0.0,0.0,0.30159235995659295,-0.042415370630606325,0.5086277732128184,0.4189406099518459,0.1337241245191168,-0.06590462498931952,2.0290552376375417,1.3537443552901847,54.479935794542534,52.53002984214338,0.7594579199031386,0.8426404129353595,0.06896551724137931,18.91215106732348,0.034482758620689655,1259.0,623.0,96.0,0.037610783087904505,1487278.334822115,1.0,0.0,-0.0149381694348516
0.003,0.05,0.0,100,50,60,0.3,10.0,0.3546680232101287,0.06481894197255866,0.11654315589518806,0.298764365055231,-0.2625150003733464,0.5022165042569666,-0.14754848104683793,0.08784081912570496,-0.023021877153146297,-0.32461968881054826,0.06210468843720185,0.0,0.0,0.24691519296182604,-0.23185249753477655,0.4741166803615448,0.42093023255813955,0.12684593257933482,-0.05632433187953711,2.2520628003297904,1.4452866143909269,48.48372093023256,35.870572881418255,0.46880416999554403,0.42423598532120294,0.2561576354679803,11.43431855500821,0.090311986863711,873.0,430.0,88.0,0.03487313316022032,1354668.0232101288,1.0,0.0,-0.14754848104683793
0.003,0.05,0.0,100,50,60,1.0,10.0,0.3546680232101287,0.06481894197255866,0.11654315589518806,0.298764365055231,-0.2625150003733464,0.5022165042569666,-0.14754848104683793,0.08784081912570496,-0.023021877153146297,-0.32461968881054826,0.06210468843720185,0.0,0.0,0.24691519296182604,-0.23185249753477655,0.4741166803615448,0.42093023255813955,0.12684593257933482,-0.05632433187953711,2.2520628003297904,1.4452866143909269,48.48372093023256,35.870572881418255,0.46880416999554403,0.42423598532120294,0.2561576354679803,11.43431855500821,0.090311986863711,873.0,430.0,88.0,0.03487313316022032,1354668.0232101288,1.0,0.0,-0.14754848104683793
0.003,0.05,0.5,100,30,20,0.3,10.0,0.6681681641997113,0.1116822059600251,0.18198421071245463,0.44884226845969405,-0.29189269861326683,0.5022165042569666,0.16595165994274463,0.08784081912570496,0.023841386834320133,-0.32461968881054826,0.032726990197281425,1.0,1.0,0.3826139074071002,0.12887929379489846,0.504519309778143,0.424408014571949,0.13662628491920448,-0.06299184690200031,2.168951882483476,1.5143478885241908,54.69581056466302,49.78794485398383,0.7656136085401196,0.8837440204206628,0.07471264367816093,16.747947454844006,0.0361247947454844,1109.0,549.0,93.0,0.04321148339849195,1668168.1641997113,1.0,1.0,0.12
0.003,0.05,0.5,100,30,20,1.0,10.0,0.6681681641997113,0.1116822059600251,0.18198421071245463,0.44884226845969405,-0.29189269861326683,0.5022165042569666,0.16595165994274463,0.08784081912570496,0.023841386834320133,-0.32461968881054826,0.032726990197281425,1.0,1.0,0.3826139074071002,0.12887929379489846,0.504519309778143,0.424408014571949,0.13662628491920448,-0.06299184690200031,2.168951882483476,1.5143478885241908,54.69581056466302,49.78794485398383,0.7656136085401196,0.8837440204206628,0.07471264367816093,16.747947454844006,0.0361247947454844,1109.0,549.0,93.0,0.04321148339849195,1668168.1641997113,1.0,1.0,0.12
0.003,0.05,0.5,100,30,60,0.3,10.0,0.41926906295045674,0.07513170603222741,0.11867082814396758,0.38031002848884726,-0.2536986696146375,0.5022165042569666,-0.08294744130650988,0.08784081912570496,-0.012709113093477553,-0.32461968881054826,0.07092101919591076,0.0,0.0,0.29614544745682253,-0.1623700938809055,0.4782251437962202,0.43386243386243384,0.12997049032099417,-0.05464332524441742,2.3785245451231476,1.5386663764292041,48.164021164021165,35.98067334581946,0.478561468839417,0.43518119905850594,0.24548440065681446,9.959770114942529,0.09688013136288999,767.0,378.0,87.0,0.035109867307896614,1419269.0629504567,1.0,0.0,-0.08294744130650988
0.003,0.05,0.5,100,30,60,1.0,10.0,0.41926906295045674,0.07513170603222741,0.11867082814396758,0.38031002848884726,-0.2536986696146375,0.5022165042569666,-0.08294744130650988,0.08784081912570496,-0.012709113093477553,-0.32461968881054826,0.07092101919591076,0.0,0.0,0.29614544745682253,-0.1623700938809055,0.4782251437962202,0.43386243386243384,0.12997049032099417,-0.05464332524441742,2.3785245451231476,1.5386663764292041,48.164021164021165,35.98067334581946,0.478561468839417,0.43518119905850594,0.24548440065681446,9.959770114942529,0.09688013136288999,767.0,378.0,87.0,0.035109867307896614,1419269.0629504567,1.0,0.0,-0.08294744130650988
0.003,0.05,0.5,100,50,20,0.3,10.0,0.6312300189145124,0.10654393745669033,0.18083635991426222,0.42327736243408787,-0.29328101123773476,0.5022165042569666,0.12901351465754574,0.08784081912570496,0.01870311833098537,-0.32461968881054826,0.0313386775728135,1.0,1.0,0.36328276763314005,0.09787109817423423,0.5061626951520132,0.41118421052631576,0.13539789261322727,-0.06665765194062165,2.0312430556935777,1.4540115809911518,54.14309210526316,50.51218674131992,0.7534932294228013,0.8609345415673432,0.07799671592775041,18.37192118226601,0.0361247947454844,1229.0,608.0,96.0,0.04381457738030721,1631230.0189145124,1.0,1.0,0.12
0.003,0.05,0.5,100,50,20,1.0,10.0,0.6312300189145124,0.10654393745669033,0.18083635991426222,0.42327736243408787,-0.29328101123773476,0.5022165042569666,0.12901351465754574,0.08784081912570496,0.01870311833098537,-0.32461968881054826,0.0313386775728135,1.0,1.0,0.36328276763314005,0.09787109817423423,0.5061626951520132,0.41118421052631576,0.13539789261322727,-0.06665765194062165,2.0312430556935777,1.4540115809911518,54.14309210526316,50.51218674131992,0.7534932294228013,0.8609345415673432,0.07799671592775041,18.37192118226601,0.0361247947454844,1229.0,608.0,96.0,0.04381457738030721,1631230.0189145124,1.0,1.0,0.12
0.003,0.05,0.5,100,50,60,0.3,10.0,0.36932903776992276,0.0671930709253501,0.11986335778401677,0.31029558668270196,-0.2598833991311522,0.5022165042569666,-0.13288746648704386,0.08784081912570496,-0.020647748200354865,-0.32461968881054826,0.06473628967939604,0.0,0.0,0.25855083914552224,-0.21221197504510375,0.47493837304847986,0.4206730769230769,0.12824969119083934,-0.05681423234639332,2.257351475047799,1.4590664168228638,48.75961538461539,35.83567600611102,0.4757032941122111,0.4387835100084057,0.25205254515599346,11.13464696223317,0.090311986863711,845.0,416.0,88.0,0.036470890932630465,1369329.0377699228,1.0,0.0,-0.13288746648704386
0.003,0.05,0.5,100,50,60,1.0,10.0,0.36932903776992276,0.0671930709253501,0.11986335778401677,0.31029558668270196,-0.2598833991311522,0.5022165042569666,-0.13288746648704386,0.08784081912570496,-0.020647748200354865,-0.32461968881054826,0.06473628967939604,0.0,0.0,0.25855083914552224,-0.21221197504510375,0.47493837304847986,0.4206730769230769,0.12824969119083934,-0.05681423234639332,2.257351475047799,1.4590664168228638,48.75961538461539,35.83567600611102,0.4757032941122111,0.4387835100084057,0.25205254515599346,11.13464696223317,0.090311986863711,845.0,416.0,88.0,0.036470890932630465,1369329.0377699228,1.0,0.0,-0.13288746648704386
0.003,0.05,1.0,100,30,20,0.3,10.0,0.5817766736151417,0.09951826528044228,0.1995928425338741,0.34830039192735035,-0.3454030874461733,0.5022165042569666,0.07956016935817511,0.08784081912570496,0.011677446154737314,-0.32461968881054826,-0.02078339863562506,1.0,1.0,0.2881221068875099,0.0663229637368919,0.4905505341002465,0.39893617021276595,0.1342063958302744,-0.06309569270947439,2.1270294384155655,1.3704956428459634,51.51063829787234,52.39227265940041,0.7483502563456623,0.9002381538413761,0.08949096880131363,10.79064039408867,0.054187192118226604,756.0,376.0,84.0,0.04491565708100411,1581776.6736151418,1.0,0.0,0.07956016935817511
0.003,0.05,1.0,100,30,20,1.0,10.0,0.5817766736151417,0.09951826528044228,0.1995928425338741,0.34830039192735035,-0.3454030874461733,0.5022165042569666,0.07956016935817511,0.08784081912570496,0.011677446154737314,-0.32461968881054826,-0.02078339863562506,1.0,1.0,0.2881221068875099,0.0663229637368919,0.4905505341002465,0.39893617021276595,0.1342063958302744,-0.06309569270947439,2.1270294384155655,1.3704956428459634,51.51063829787234,52.39227265940041,0.7483502563456623,0.9002381538413761,0.08949096880131363,10.79064039408867,0.054187192118226604,756.0,376.0,84.0,0.04491565708100411,1581776.6736151418,1.0,0.0,0.07956016935817511
0.003,0.05,1.0,100,30,60,0.3,10.0,0.10582060012757877,0.02102930900616906,0.1424366412060189,-0.06298021996219233,-0.3391298565696136,0.5022165042569666,-0.39639590412938785,0.08784081912570496,-0.0668115101195359,-0.32461968881054826,-0.014510167759065329,0.0,0.0,0.062009606641202204,-0.43828726869129836,0.38126540673788,0.4528301886792453,0.1455814083904788,-0.059818992164494364,2.433698782322328,1.1350719815901915,50.74842767295598,35.68931079396135,0.45030560454855423,0.37523561860463134,0.3924466338259442,4.384236453201971,0.26354679802955666,319.0,159.0,69.0,0.07045658183312929,1105820.6001275787,0.0,0.0,-0.39639590412938785
0.003,0.05,1.0,100,30,60,1.0,10.0,0.10582060012757877,0.02102930900616906,0.1424366412060189,-0.06298021996219233,-0.3391298565696136,0.5022165042569666,-0.39639590412938785,0.08784081912570496,-0.0668115101195359,-0.32461968881054826,-0.014510167759065329,0.0,0.0,0.062009606641202204,-0.43828726869129836,0.38126540673788,0.4528301886792453,0.1455814083904788,-0.059818992164494364,2.433698782322328,1.1350719815901915,50.74842767295598,35.68931079396135,0.45030560454855423,0.37523561860463134,0.3924466338259442,4.384236453201971,0.26354679802955666,319.0,159.0,69.0,0.07045658183312929,1105820.6001275787,0.0,0.0,-0.39639590412938785
0.003,0.05,1.0,100,50,20,0.3,10.0,0.5144431957673141,0.08966680682096517,0.20021557705714127,0.2980128104814559,-0.348314372773585,0.5022165042569666,0.012226691510347498,0.08784081912570496,0.0018259876952602117,-0.32461968881054826,-0.023694683963036756,1.0,1.0,0.2574306828252859,0.01459957777201014,0.4847986852917009,0.42783505154639173,0.1316031594602576,-0.06323296030236611,2.081243054744871,1.3298442274313138,52.425257731958766,52.8148804901392,0.7500533166597468,0.9154066358729314,0.090311986863711,11.341543513957307,0.054187192118226604,780.0,388.0,85.0,0.045617977419534515,1514443.1957673142,1.0,0.0,0.012226691510347498
0.003,0.05,1.0,100,50,20,1.0,10.0,0.5144431957673141,0.08966680682096517,0.20021557705714127,0.2980128104814559,-0.348314372773585,0.5022165042569666,0.012226691510347498,0.08784081912570496,0.0018259876952602117,-0.32461968881054826,-0.023694683963036756,1.0,1.0,0.2574306828252859,0.01459957777201014,0.4847986852917009,0.42783505154639173,0.1316031594602576,-0.06323296030236611,2.081243054744871,1.3298442274313138,52.425257731958766,52.8148804901392,0.7500533166597468,0.9154066358729314,0.090311986863711,11.341543513957307,0.054187192118226604,780.0,388.0,85.0,0.045617977419534515,1514443.1957673142,1.0,0.0,0.012226691510347498
0.003,0.05,1.0,100,50,60,0.3,10.0,0.10582060012757877,0.02102930900616906,0.1424366412060189,-0.06298021996219233,-0.3391298565696136,0.5022165042569666,-0.39639590412938785,0.08784081912570496,-0.0668115101195359,-0.32461968881054826,-0.014510167759065329,0.0,0.0,0.062009606641202204,-0.43828726869129836,0.38126540673788,0.4528301886792453,0.1455814083904788,-0.059818992164494364,2.433698782322328,1.1350719815901915,50.74842767295598,35.68931079396135,0.45030560454855423,0.37523561860463134,0.3924466338259442,4.384236453201971,0.26354679802955666,319.0,159.0,69.0,0.07045658183312929,1105820.6001275787,0.0,0.0,-0.39639590412938785
0.003,0.05,1.0,100,50,60,1.0,10.0,0.10582060012757877,0.02102930900616906,0.1424366412060189,-0.06298021996219233,-0.3391298565696136,0.5022165042569666,-0.39639590412938785,0.08784081912570496,-0.0668115101195359,-0.32461968881054826,-0.014510167759065329,0.0,0.0,0.062009606641202204,-0.43828726869129836,0.38126540673788,0.4528301886792453,0.1455814083904788,-0.059818992164494364,2.433698782322328,1.1350719815901915,50.74842767295598,35.68931079396135,0.45030560454855423,0.37523561860463134,0.3924466338259442,4.384236453201971,0.26354679802955666,319.0,159.0,69.0,0.07045658183312929,1105820.6001275787,0.0,0.0,-0.39639590412938785
0.003,0.1,0.0,100,30,20,0.3,10.0,0.5777323387356217,0.09893603011615282,0.17977187223593405,0.38346393826104574,-0.28263267370400225,0.5022165042569666,0.07551583447865506,0.08784081912570496,0.011095210990447857,-0.32461968881054826,0.04198701510654601,1.0,1.0,0.350051637057955,0.04849261965682723,0.5225965488907148,0.4308510638297872,0.1338920144188218,-0.0614525771968324,2.1787859928146887,1.4414414055171965,54.31028368794326,52.84085731811668,0.7691353546032129,0.8503726865003847,0.06239737274220033,17.08128078817734,0.021346469622331693,1139.0,564.0,93.0,0.04487905195564232,1577732.3387356217,1.0,0.0,0.07551583447865506
0.003,0.1,0.0,100,30,20,1.0,10.0,0.5777323387356217,0.09893603011615282,0.17977187223593405,0.38346393826104574,-0.28263267370400225,0.5022165042569666,0.07551583447865506,0.08784081912570496,0.011095210990447857,-0.32461968881054826,0.04198701510654601,1.0,1.0,0.350051637057955,0.04849261965682723,0.5225965488907148,0.4308510638297872,0.1338920144188218,-0.0614525771968324,2.1787859928146887,1.4414414055171965,54.31028368794326,52.84085731811668,0.7691353546032129,0.8503726865003847,0.06239737274220033,17.08128078817734,0.021346469622331693,1139.0,564.0,93.0,0.04487905195564232,1577732.3387356217,1.0,0.0,0.07551583447865506
0.003,0.1,0.0,100,30,60,0.3,10.0,0.4173326326513791,0.07482804633253592,0.11477315932223138,0.39057952745448915,-0.24543492494997587,0.5022165042569666,-0.08488387160558752,0.08784081912570496,-0.013012772793169036,-0.32461968881054826,0.07918476386057238,0.0,0.0,0.3048793742283713,-0.1682400261309407,0.48315529991783074,0.4373401534526854,0.1278946758918972,-0.054144429115415234,2.362102214048183,1.5310507056854872,47.39641943734016,36.08405295143224,0.46769264963785784,0.42420822519924545,0.2594417077175698,10.170771756978654,0.09688013136288999,793.0,391.0,87.0,0.032652956259327445,1417332.632651379,1.0,0.0,-0.08488387160558752
0.003,0.1,0.0,100,30,60,1.0,10.0,0.4173326326513791,0.07482804633253592,0.11477315932223138,0.39057952745448915,-0.24543492494997587,0.5022165042569666,-0.08488387160558752,0.08784081912570496,-0.013012772793169036,-0.32461968881054826,0.07918476386057238,0.0,0.0,0.3048793742283713,-0.1682400261309407,0.48315529991783074,0.4373401534526854,0.1278946758918972,-0.054144429115415234,2.362102214048183,1.5310507056854872,47.39641943734016,36.08405295143224,0.46769264963785784,0.42420822519924545,0.2594417077175698,10.170771756978654,0.09688013136288999,793.0,391.0,87.0,0.032652956259327445,1417332.632651379,1.0,0.0,-0.08488387160558752
0.003,0.1,0.0,100,50,20,0.3,10.0,0.5009584191963663,0.08765226312430774,0.18174837902255792,0.3172092286839717,-0.28292490647217483,0.5022165042569666,-0.0012580850606003224,0.08784081912570496,-0.00018855600139722206,-0.32461968881054826,0.041694782338373426,0.0,0.0,0.3098075182466418,-0.019350272585179337,0.5225965488907148,0.420545746388443,0.1332432672952232,-0.06548168209807109,2.0348174180325183,1.3716305797297361,53.998394863563405,53.730891846337485,0.764929832938849,0.8462520958133478,0.06486042692939245,18.750410509031198,0.021346469622331693,1257.0,623.0,96.0,0.04467391166331204,1500958.4191963663,1.0,0.0,-0.0012580850606003224
0.003,0.1,0.0,100,50,20,1.0,10.0,0.5009584191963663,0.08765226312430774,0.18174837902255792,0.3172092286839717,-0.28292490647217483,0.5022165042569666,-0.0012580850606003224,0.08784081912570496,-0.00018855600139722206,-0.32461968881054826,0.041694782338373426,0.0,0.0,0.3098075182466418,-0.019350272585179337,0.5225965488907148,0.420545746388443,0.1332432672952232,-0.06548168209807109,2.0348174180325183,1.3716305797297361,53.998394863563405,53.730891846337485,0.764929832938849,0.8462520958133478,0.06486042692939245,18.750410509031198,0.021346469622331693,1257.0,623.0,96.0,0.04467391166331204,1500958.4191963663,1.0,0.0,-0.0012580850606003224
0.003,0.1,0.0,100,50,60,0.3,10.0,0.35084584330603086,0.06419665066898839,0.11559473443589498,0.29583225253182033,-0.25316219146962926,0.5022165042569666,-0.15137066095093576,0.08784081912570496,-0.023644168456716574,-0.32461968881054826,0.071457497340919,0.0,0.0,0.25357913950863303,-0.23551677208774388,0.47658175842235007,0.4236111111111111,0.12532027558228467,-0.05617583059224021,2.2308575460492728,1.4436033521802791,47.61805555555556,36.07703866162675,0.4641893002719499,0.4153794383845579,0.26354679802955666,11.296387520525451,0.090311986863711,875.0,432.0,88.0,0.034016430151473674,1350845.8433060308,1.0,0.0,-0.15137066095093576
0.003,0.1,0.0,100,50,60,1.0,10.0,0.35084584330603086,0.06419665066898839,0.11559473443589498,0.29583225253182033,-0.25316219146962926,0.5022165042569666,-0.15137066095093576,0.08784081912570496,-0.023644168456716574,-0.32461968881054826,0.071457497340919,0.0,0.0,0.25357913950863303,-0.23551677208774388,0.47658175842235007,0.4236111111111111,0.12532027558228467,-0.05617583059224021,2.2308575460492728,1.4436033521802791,47.61805555555556,36.07703866162675,0.4641893002719499,0.4153794383845579,0.26354679802955666,11.296387520525451,0.090311986863711,875.0,432.0,88.0,0.034016430151473674,1350845.8433060308,1.0,0.0,-0.15137066095093576
0.003,0.1,0.5,100,30,20,0.3,10.0,0.7440449181677038,0.1219601921460669,0.1915558964725719,0.4800697542569999,-0.326557803263116,0.5022165042569666,0.24182841391073717,0.08784081912570496,0.03411937302036194,-0.32461968881054826,-0.0019381144525677518,1.0,1.0,0.3734719885036722,0.19120487979425094,0.5217748562037798,0.42495479204339964,0.1364565552881152,-0.062072492832341175,2.1983417945963053,1.534706551538933,54.08499095840868,51.32514578709967,0.7726111126434251,0.8933368648767767,0.07060755336617405,16.689655172413794,0.022988505747126436,1117.0,553.0,93.0,0.05035722952680192,1744044.9181677038,1.0,0.0,0.12
0.003,0.1,0.5,100,30,20,1.0,10.0,0.7440449181677038,0.1219601921460669,0.1915558964725719,0.4800697542569999,-0.326557803263116,0.5022165042569666,0.24182841391073717,0.08784081912570496,0.03411937302036194,-0.32461968881054826,-0.0019381144525677518,1.0,1.0,0.3734719885036722,0.19120487979425094,0.5217748562037798,0.42495479204339964,0.1364565552881152,-0.062072492832341175,2.1983417945963053,1.534706551538933,54.08499095840868,51.32514578709967,0.7726111126434251,0.8933368648767767,0.07060755336617405,16.689655172413794,0.022988505747126436,1117.0,553.0,93.0,0.05035722952680192,1744044.9181677038,1.0,0.0,0.12
0.003,0.1,0.5,100,30,60,0.3,10.0,0.45301543422195767,0.08037157825080543,0.11813872190033013,0.42637652956244376,-0.24613840649438545,0.5022165042569666,-0.049201070035008954,0.08784081912570496,-0.00746924087489953,-0.32461968881054826,0.0784812823161628,0.0,0.0,0.3265300177875278,-0.12940620856436166,0.4798685291700904,0.4368421052631579,0.12886298274902197,-0.05465040671310651,2.357951029083878,1.5664476588362333,47.48947368421052,35.80920128618236,0.4764316588499409,0.4260004564651122,0.2766830870279146,9.917077175697866,0.09688013136288999,771.0,380.0,87.0,0.03586086240850894,1453015.4342219576,1.0,0.0,-0.049201070035008954
0.003,0.1,0.5,100,30,60,1.0,10.0,0.45301543422195767,0.08037157825080543,0.11813872190033013,0.42637652956244376,-0.24613840649438545,0.5022165042569666,-0.049201070035008954,0.08784081912570496,-0.00746924087489953,-0.32461968881054826,0.0784812823161628,0.0,0.0,0.3265300177875278,-0.12940620856436166,0.4798685291700904,0.4368421052631579,0.12886298274902197,-0.05465040671310651,2.357951029083878,1.5664476588362333,47.48947368421052,35.80920128618236,0.4764316588499409,0.4260004564651122,0.2766830870279146,9.917077175697866,0.09688013136288999,771.0,380.0,87.0,0.03586086240850894,1453015.4342219576,1.0,0.0,-0.049201070035008954
0.003,0.1,0.5,100,50,20,0.3,10.0,0.6411755621748634,0.10793641355627304,0.18569661303392357,0.41969755012190446,-0.27337923031206546,0.5022165042569666,0.13895905791789676,0.08784081912570496,0.020095594430568076,-0.32461968881054826,0.0512404584984828,1.0,1.0,0.39482302087493043,0.10857420332542828,0.5217748562037798,0.41379310344827586,0.13550780800188134,-0.06630016161118941,2.0438533588583563,1.463758948025072,53.791461412151065,51.651936980547646,0.7605327985177341,0.8642122700901153,0.0722495894909688,18.27093596059113,0.021346469622331693,1229.0,609.0,96.0,0.048938206593690484,1641175.5621748634,1.0,1.0,0.12
0.003,0.1,0.5,100,50,20,1.0,10.0,0.6411755621748634,0.10793641355627304,0.18569661303392357,0.41969755012190446,-0.27337923031206546,0.5022165042569666,0.13895905791789676,0.08784081912570496,0.020095594430568076,-0.32461968881054826,0.0512404584984828,1.0,1.0,0.39482302087493043,0.10857420332542828,0.5217748562037798,0.41379310344827586,0.13550780800188134,-0.06630016161118941,2.0438533588583563,1.463758948025072,53.791461412151065,51.651936980547646,0.7605327985177341,0.8642122700901153,0.0722495894909688,18.27093596059113,0.021346469622331693,1229.0,609.0,96.0,0.048938206593690484,1641175.5621748634,1.0,1.0,0.12
0.003,0.1,0.5,100,50,60,0.3,10.0,0.387388163204762,0.07008991905203543,0.11935938062304637,0.3358757296055767,-0.25151416911542923,0.5022165042569666,-0.11482834105220463,0.08784081912570496,-0.01775090007366953,-0.32461968881054826,0.07310551969511903,0.0,0.0,0.2786718509678417,-0.19315936184865873,0.47493837304847986,0.423444976076555,0.12668322058671808,-0.05668981043365799,2.234673561573659,1.477819580134953,47.88277511961722,35.77089991943629,0.47308994065834564,0.4204444085845516,0.2799671592775041,11.001642036124794,0.090311986863711,847.0,418.0,88.0,0.03671552335944732,1387388.163204762,1.0,0.0,-0.11482834105220463
0.003,0.1,0.5,100,50,60,1.0,10.0,0.387388163204762,0.07008991905203543,0.11935938062304637,0.3358757296055767,-0.25151416911542923,0.5022165042569666,-0.11482834105220463,0.08784081912570496,-0.01775090007366953,-0.32461968881054826,0.07310551969511903,0.0,0.0,0.2786718509678417,-0.19315936184865873,0.47493837304847986,0.423444976076555,0.12668322058671808,-0.05668981043365799,2.234673561573659,1.477819580134953,47.88277511961722,35.77089991943629,0.47308994065834564,0.4204444085845516,0.2799671592775041,11.001642036124794,0.090311986863711,847.0,418.0,88.0,0.03671552335944732,1387388.163204762,1.0,0.0,-0.11482834105220463
0.003,0.1,1.0,100,30,20,0.3,10.0,0.43236624490167563,0.07717694757241866,0.19261190849979862,0.24493266247070072,-0.34717770698912853,0.5022165042569666,-0.06985025935529099,0.08784081912570496,-0.010663871553286297,-0.32461968881054826,-0.022558018178580275,0.0,0.0,0.2222981084866586,-0.06376810529077422,0.4979457682826623,0.39577836411609496,0.1354246944184059,-0.06202441251827763,2.183409546660331,1.2824160128647548,50.949868073878626,53.64523134933092,0.7424926206663975,0.8780198760884297,0.08949096880131363,10.753694581280788,0.054187192118226604,762.0,379.0,85.0,0.04137848118492117,1432366.2449016757,1.0,0.0,-0.06985025935529099
0.003,0.1,1.0,100,30,20,1.0,10.0,0.43236624490167563,0.07717694757241866,0.19261190849979862,0.24493266247070072,-0.34717770698912853,0.5022165042569666,-0.06985025935529099,0.08784081912570496,-0.010663871553286297,-0.32461968881054826,-0.022558018178580275,0.0,0.0,0.2222981084866586,-0.06376810529077422,0.4979457682826623,0.39577836411609496,0.1354246944184059,-0.06202441251827763,2.183409546660331,1.2824160128647548,50.949868073878626,53.64523134933092,0.7424926206663975,0.8780198760884297,0.08949096880131363,10.753694581280788,0.054187192118226604,762.0,379.0,85.0,0.04137848118492117,1432366.2449016757,1.0,0.0,-0.06985025935529099
0.003,0.1,1.0,100,30,60,0.3,10.0,0.13292670018096975,0.026157841082301347,0.140112704023602,-0.027421916838115117,-0.32571673603323503,0.5022165042569666,-0.3692898040759969,0.08784081912570496,-0.06168297804340361,-0.32461968881054826,-0.0010970472226867756,0.0,0.0,0.08030855706362074,-0.40917713721055515,0.37880032867707475,0.45,0.14768090004098644,-0.059331025923469546,2.48910073173989,1.1601260085265162,49.38125,35.884694006667694,0.4433385617565049,0.353126797708709,0.39326765188834156,4.289819376026273,0.26354679802955666,321.0,160.0,69.0,0.06575220007608114,1132926.7001809697,0.0,0.0,-0.3692898040759969
0.003,0.1,1.0,100,30,60,1.0,10.0,0.13292670018096975,0.026157841082301347,0.140112704023602,-0.027421916838115117,-0.32571673603323503,0.5022165042569666,-0.3692898040759969,0.08784081912570496,-0.06168297804340361,-0.32461968881054826,-0.0010970472226867756,0.0,0.0,0.08030855706362074,-0.40917713721055515,0.37880032867707475,0.45,0.14768090004098644,-0.059331025923469546,2.48910073173989,1.1601260085265162,49.38125,35.884694006667694,0.4433385617565049,0.353126797708709,0.39326765188834156,4.289819376026273,0.26354679802955666,321.0,160.0,69.0,0.06575220007608114,1132926.7001809697,0.0,0.0,-0.3692898040759969
0.003,0.1,1.0,100,50,20,0.3,10.0,0.42979437447542135,0.07677650083468701,0.19327957250781724,0.24201471592552867,-0.3464152577218068,0.5022165042569666,-0.07242212978154527,0.08784081912570496,-0.01106431829101795,-0.32461968881054826,-0.021795568911258556,0.0,0.0,0.22163140659451946,-0.06522834949672843,0.49548069022185703,0.4256410256410256,0.1332403371132321,-0.062082151540278616,2.1461939350923815,1.2796203820859877,51.49230769230769,53.549948749149806,0.7429714121196566,0.8779832581576936,0.09113300492610837,11.19047619047619,0.054187192118226604,784.0,390.0,86.0,0.040269406093728505,1429794.3744754214,1.0,0.0,-0.07242212978154527
0.003,0.1,1.0,100,50,20,1.0,10.0,0.42979437447542135,0.07677650083468701,0.19327957250781724,0.24201471592552867,-0.3464152577218068,0.5022165042569666,-0.07242212978154527,0.08784081912570496,-0.01106431829101795,-0.32461968881054826,-0.021795568911258556,0.0,0.0,0.22163140659451946,-0.06522834949672843,0.49548069022185703,0.4256410256410256,0.1332403371132321,-0.062082151540278616,2.1461939350923815,1.2796203820859877,51.49230769230769,53.549948749149806,0.7429714121196566,0.8779832581576936,0.09113300492610837,11.19047619047619,0.054187192118226604,784.0,390.0,86.0,0.040269406093728505,1429794.3744754214,1.0,0.0,-0.07242212978154527
0.003,0.1,1.0,100,50,60,0.3,10.0,0.13292670018096975,0.026157841082301347,0.140112704023602,-0.027421916838115117,-0.32571673603323503,0.5022165042569666,-0.3692898040759969,0.08784081912570496,-0.06168297804340361,-0.32461968881054826,-0.0010970472226867756,0.0,0.0,0.08030855706362074,-0.40917713721055515,0.37880032867707475,0.45,0.14768090004098644,-0.059331025923469546,2.48910073173989,1.1601260085265162,49.38125,35.884694006667694,0.4433385617565049,0.353126797708709,0.39326765188834156,4.289819376026273,0.26354679802955666,321.0,160.0,69.0,0.06575220007608114,1132926.7001809697,0.0,0.0,-0.3692898040759969
0.003,0.1,1.0,100,50,60,1.0,10.0,0.13292670018096975,0.026157841082301347,0.140112704023602,-0.027421916838115117,-0.32571673603323503,0.5022165042569666,-0.3692898040759969,0.08784081912570496,-0.06168297804340361,-0.32461968881054826,-0.0010970472226867756,0.0,0.0,0.08030855706362074,-0.40917713721055515,0.37880032867707475,0.45,0.14768090004098644,-0.059331025923469546,2.48910073173989,1.1601260085265162,49.38125,35.884694006667694,0.4433385617565049,0.353126797708709,0.39326765188834156,4.289819376026273,0.26354679802955666,321.0,160.0,69.0,0.06575220007608114,1132926.7001809697,0.0,0.0,-0.3692898040759969
0.005,0.05,0.0,100,30,20,0.3,10.0,0.2254353219503089,0.04295838044846367,0.1744670291698744,0.07427409356438579,-0.31216119651697305,0.5022165042569666,-0.2767811823066577,0.08784081912570496,-0.04488243867724129,-0.32461968881054826,0.012458492293575207,0.0,0.0,0.13761601674962798,-0.3102629392944069,0.4732949876746097,0.36187845303867405,0.11180006139736307,-0.05257870521324888,2.126337287004768,1.1575877716867713,36.716850828729285,66.60399052511703,0.6928620129914902,0.7995307581942315,0.11822660098522167,14.796387520525451,0.06403940886699508,1455.0,724.0,97.0,0.03985691315404445,1225435.321950309,1.0,0.0,-0.2767811823066577
0.005,0.05,0.0,100,30,20,1.0,10.0,0.2254353219503089,0.04295838044846367,0.1744670291698744,0.07427409356438579,-0.31216119651697305,0.5022165042569666,-0.2767811823066577,0.08784081912570496,-0.04488243867724129,-0.32461968881054826,0.012458492293575207,0.0,0.0,0.13761601674962798,-0.3102629392944069,0.4732949876746097,0.36187845303867405,0.11180006139736307,-0.05257870521324888,2.126337287004768,1.1575877716867713,36.716850828729285,66.60399052511703,0.6928620129914902,0.7995307581942315,0.11822660098522167,14.796387520525451,0.06403940886699508,1455.0,724.0,97.0,0.03985691315404445,1225435.321950309,1.0,0.0,-0.2767811823066577
0.005,0.05,0.0,100,30,60,0.3,10.0,0.1752566373750335,0.03397542406258647,0.09987829697788748,0.03980268169236612,-0.24461066177741164,0.5022165042569666,-0.3269598668819331,0.08784081912570496,-0.05386539506311849,-0.32461968881054826,0.08000902703313661,0.0,0.0,0.13889592471444717,-0.4025881680253823,0.3944124897288414,0.35903614457831323,0.10930506208305284,-0.044670375188001744,2.446925095726791,1.2482021810517618,31.734939759036145,38.661666868543556,0.3405668440018726,0.21973114073848526,0.46223316912972084,7.152709359605911,0.24876847290640394,836.0,415.0,85.0,0.03196481456969049,1175256.6373750335,0.0,0.0,-0.3269598668819331
0.005,0.05,0.0,100,30,60,1.0,10.0,0.1752566373750335,0.03397542406258647,0.09987829697788748,0.03980268169236612,-0.24461066177741164,0.5022165042569666,-0.3269598668819331,0.08784081912570496,-0.05386539506311849,-0.32461968881054826,0.08000902703313661,0.0,0.0,0.13889592471444717,-0.4025881680253823,0.3944124897288414,0.35903614457831323,0.10930506208305284,-0.044670375188001744,2.446925095726791,1.2482021810517618,31.734939759036145,38.661666868543556,0.3405668440018726,0.21973114073848526,0.46223316912972084,7.152709359605911,0.24876847290640394,836.0,415.0,85.0,0.03196481456969049,1175256.6373750335,0.0,0.0,-0.3269598668819331
0.005,0.05,0.0,100,50,20,0.3,10.0,0.27261261326551933,0.051141753729713635,0.17350210804200322,0.12185300782971131,-0.31263725604036086,0.5022165042569666,-0.2296038909914473,0.08784081912570496,-0.036699065395991326,-0.32461968881054826,0.011982432770187401,0.0,0.0,0.1635817636625858,-0.25753056879274144,0.47576006573541496,0.36790123456790125,0.11136859525297378,-0.05590522397132351,1.9920963971112988,1.192688584887552,37.64691358024692,63.6722969860034,0.6927831887919925,0.7925912619487306,0.11904761904761904,17.032840722495894,0.06403940886699508,1630.0,810.0,98.0,0.04067050345037476,1272612.6132655193,1.0,0.0,-0.2296038909914473
0.005,0.05,0.0,100,50,20,1.0,10.0,0.27261261326551933,0.051141753729713635,0.17350210804200322,0.12185300782971131,-0.31263725604036086,0.5022165042569666,-0.2296038909914473,0.08784081912570496,-0.036699065395991326,-0.32461968881054826,0.011982432770187401,0.0,0.0,0.1635817636625858,-0.25753056879274144,0.47576006573541496,0.36790123456790125,0.11136859525297378,-0.05590522397132351,1.9920963971112988,1.192688584887552,37.64691358024692,63.6722969860034,0.6927831887919925,0.7925912619487306,0.11904761904761904,17.032840722495894,0.06403940886699508,1630.0,810.0,98.0,0.04067050345037476,1272612.6132655193,1.0,0.0,-0.2296038909914473
0.005,0.05,0.0,100,50,60,0.3,10.0,0.19424441587615515,0.037409740140402326,0.10085255236660619,0.07347102246324312,-0.2391463058450629,0.5022165042569666,-0.30797208838081147,0.08784081912570496,-0.050431078985302635,-0.32461968881054826,0.08547338296548534,0.0,0.0,0.15643034922997803,-0.38215642621423557,0.3935907970419063,0.34557235421166305,0.11195728012353885,-0.04550352509757716,2.460408943778732,1.2633691384427033,32.04103671706263,38.3687063867105,0.34416527061665547,0.253502012169881,0.45894909688013136,8.110016420361248,0.23973727422003285,935.0,463.0,87.0,0.032089955962321566,1194244.4158761553,0.0,0.0,-0.30797208838081147
0.005,0.05,0.0,100,50,60,1.0,10.0,0.19424441587615515,0.037409740140402326,0.10085255236660619,0.07347102246324312,-0.2391463058450629,0.5022165042569666,-0.30797208838081147,0.08784081912570496,-0.050431078985302635,-0.32461968881054826,0.08547338296548534,0.0,0.0,0.15643034922997803,-0.38215642621423557,0.3935907970419063,0.34557235421166305,0.11195728012353885,-0.04550352509757716,2.460408943778732,1.2633691384427033,32.04103671706263,38.3687063867105,0.34416527061665547,0.253502012169881,0.45894909688013136,8.110016420361248,0.23973727422003285,935.0,463.0,87.0,0.032089955962321566,1194244.4158761553,0.0,0.0,-0.30797208838081147
0.005,0.05,0.5,100,30,20,0.3,10.0,0.28712026180742733,0.0536098433815948,0.17400707134706572,0.13568324090981224,-0.30121869420284453,0.5022165042569666,-0.2150962424495393,0.08784081912570496,-0.03423097574411016,-0.32461968881054826,0.02340099460770373,0.0,0.0,0.17797648158415177,-0.24333610720065468,0.47576006573541496,0.3651685393258427,0.11032937871433933,-0.05289640826269799,2.0857631422990677,1.2104444862033235,37.061797752808985,64.37952982431094,0.6901739095603929,0.7757698702362188,0.11822660098522167,14.698686371100164,0.06403940886699508,1431.0,712.0,96.0,0.04058684758910762,1287120.2618074273,1.0,0.0,-0.2150962424495393
0.005,0.05,0.5,100,30,20,1.0,10.0,0.28712026180742733,0.0536098433815948,0.17400707134706572,0.13568324090981224,-0.30121869420284453,0.5022165042569666,-0.2150962424495393,0.08784081912570496,-0.03423097574411016,-0.32461968881054826,0.02340099460770373,0.0,0.0,0.17797648158415177,-0.24333610720065468,0.47576006573541496,0.3651685393258427,0.11032937871433933,-0.05289640826269799,2.0857631422990677,1.2104444862033235,37.061797752808985,64.37952982431094,0.6901739095603929,0.7757698702362188,0.11822660098522167,14.698686371100164,0.06403940886699508,1431.0,712.0,96.0,0.04058684758910762,1287120.2618074273,1.0,0.0,-0.2150962424495393
0.005,0.05,0.5,100,30,60,0.3,10.0,0.17869245260474664,0.034600104153412525,0.10397163832536614,0.04424383637215642,-0.24271357706432628,0.5022165042569666,-0.32352405165222,0.08784081912570496,-0.053240714972292436,-0.32461968881054826,0.08190611174622198,0.0,0.0,0.14255528912683146,-0.3912340281194677,0.39687756778964667,0.36097560975609755,0.10902655740473673,-0.04483002889066151,2.4319983748091656,1.2418400388127095,31.93658536585366,38.63135172203887,0.34702410187644506,0.22593610874634001,0.4573070607553366,7.132183908045977,0.24876847290640394,827.0,410.0,84.0,0.03693336655213286,1178692.4526047467,0.0,0.0,-0.32352405165222
0.005,0.05,0.5,100,30,60,1.0,10.0,0.17869245260474664,0.034600104153412525,0.10397163832536614,0.04424383637215642,-0.24271357706432628,0.5022165042569666,-0.32352405165222,0.08784081912570496,-0.053240714972292436,-0.32461968881054826,0.08190611174622198,0.0,0.0,0.14255528912683146,-0.3912340281194677,0.39687756778964667,0.36097560975609755,0.10902655740473673,-0.04483002889066151,2.4319983748091656,1.2418400388127095,31.93658536585366,38.63135172203887,0.34702410187644506,0.22593610874634001,0.4573070607553366,7.132183908045977,0.24876847290640394,827.0,410.0,84.0,0.03693336655213286,1178692.4526047467,0.0,0.0,-0.32352405165222
0.005,0.05,0.5,100,50,20,0.3,10.0,0.3158526287809653,0.05843348150994365,0.17476409734920845,0.16269635434976507,-0.3020149326251812,0.5022165042569666,-0.1863638754760013,0.08784081912570496,-0.02940733761576131,-0.32461968881054826,0.02260475618536706,0.0,0.0,0.19347878266159488,-0.20900523561225418,0.4806902218570255,0.3691529709228824,0.11082211635441148,-0.056431240073829166,1.963843364232694,1.224993668627531,37.742098609355246,63.679947025207674,0.6942815444920882,0.7965365827349811,0.11658456486042693,16.682266009852217,0.06403940886699508,1592.0,791.0,98.0,0.040412329354660555,1315852.6287809652,1.0,0.0,-0.1863638754760013
0.005,0.05,0.5,100,50,20,1.0,10.0,0.3158526287809653,0.05843348150994365,0.17476409734920845,0.16269635434976507,-0.3020149326251812,0.5022165042569666,-0.1863638754760013,0.08784081912570496,-0.02940733761576131,-0.32461968881054826,0.02260475618536706,0.0,0.0,0.19347878266159488,-0.20900523561225418,0.4806902218570255,0.3691529709228824,0.11082211635441148,-0.056431240073829166,1.963843364232694,1.224993668627531,37.742098609355246,63.679947025207674,0.6942815444920882,0.7965365827349811,0.11658456486042693,16.682266009852217,0.06403940886699508,1592.0,791.0,98.0,0.040412329354660555,1315852.6287809652,1.0,0.0,-0.1863638754760013
0.005,0.05,0.5,100,50,60,0.3,10.0,0.20164583405445935,0.03873670854386324,0.10509278866658779,0.08313328302269049,-0.2374843330498685,0.5022165042569666,-0.3005706702025073,0.08784081912570496,-0.04910411058184172,-0.32461968881054826,0.08713535576067977,0.0,0.0,0.16311269062001263,-0.3668575551393765,0.3952341824157765,0.34945054945054943,0.11171472368108412,-0.04579920973289778,2.4392281948227357,1.254751411107857,32.28791208791209,38.374169407007344,0.3495260285650614,0.2537238466638212,0.4573070607553366,8.05336617405583,0.23973727422003285,920.0,455.0,88.0,0.03522656308890077,1201645.8340544594,0.0,0.0,-0.3005706702025073
0.005,0.05,0.5,100,50,60,1.0,10.0,0.20164583405445935,0.03873670854386324,0.10509278866658779,0.08313328302269049,-0.2374843330498685,0.5022165042569666,-0.3005706702025073,0.08784081912570496,-0.04910411058184172,-0.32461968881054826,0.08713535576067977,0.0,0.0,0.16311269062001263,-0.3668575551393765,0.3952341824157765,0.34945054945054943,0.11171472368108412,-0.04579920973289778,2.4392281948227357,1.254751411107857,32.28791208791209,38.374169407007344,0.3495260285650614,0.2537238466638212,0.4573070607553366,8.05336617405583,0.23973727422003285,920.0,455.0,88.0,0.03522656308890077,1201645.8340544594,0.0,0.0,-0.3005706702025073
0.005,0.05,1.0,100,30,20,0.3,10.0,0.3779312425681498,0.0685766978884621,0.20092550473798634,0.19199502790234332,-0.32014867357829846,0.5022165042569666,-0.12428526168881682,0.08784081912570496,-0.01926412123724286,-0.32461968881054826,0.004471015232249798,0.0,0.0,0.21420266128852275,-0.09355078395576635,0.47493837304847986,0.38169642857142855,0.11551089206600505,-0.05916218436425745,1.952444679101308,1.2219926026263241,36.875,63.74451716637792,0.6911365077780796,0.8188273650845734,0.12561576354679804,9.218390804597702,0.06896551724137931,899.0,448.0,89.0,0.046052381565360005,1377931.2425681497,1.0,0.0,-0.12428526168881682
0.005,0.05,1.0,100,30,20,1.0,10.0,0.3779312425681498,0.0685766978884621,0.20092550473798634,0.19199502790234332,-0.32014867357829846,0.5022165042569666,-0.12428526168881682,0.08784081912570496,-0.01926412123724286,-0.32461968881054826,0.004471015232249798,0.0,0.0,0.21420266128852275,-0.09355078395576635,0.47493837304847986,0.38169642857142855,0.11551089206600505,-0.05916218436425745,1.952444679101308,1.2219926026263241,36.875,63.74451716637792,0.6911365077780796,0.8188273650845734,0.12561576354679804,9.218390804597702,0.06896551724137931,899.0,448.0,89.0,0.046052381565360005,1377931.2425681497,1.0,0.0,-0.12428526168881682
0.005,0.05,1.0,100,30,60,0.3,10.0,0.16010271656909847,0.03120281955871329,0.1247733570760146,0.009640035235891813,-0.3092129269383105,0.5022165042569666,-0.34211378768786815,0.08784081912570496,-0.05663799956699167,-0.32461968881054826,0.015406761872237773,0.0,0.0,0.10091046279232177,-0.38331317224701306,0.3294987674609696,0.42696629213483145,0.12788773038556253,-0.05173324880784235,2.4720606830742042,1.2518606458303678,35.11797752808989,36.834462218122084,0.33812048016966695,0.18310368014459105,0.5024630541871922,3.3817733990147785,0.3784893267651888,357.0,178.0,72.0,0.07421540486851537,1160102.7165690984,0.0,0.0,-0.34211378768786815
0.005,0.05,1.0,100,30,60,1.0,10.0,0.16010271656909847,0.03120281955871329,0.1247733570760146,0.009640035235891813,-0.3092129269383105,0.5022165042569666,-0.34211378768786815,0.08784081912570496,-0.05663799956699167,-0.32461968881054826,0.015406761872237773,0.0,0.0,0.10091046279232177,-0.38331317224701306,0.3294987674609696,0.42696629213483145,0.12788773038556253,-0.05173324880784235,2.4720606830742042,1.2518606458303678,35.11797752808989,36.834462218122084,0.33812048016966695,0.18310368014459105,0.5024630541871922,3.3817733990147785,0.3784893267651888,357.0,178.0,72.0,0.07421540486851537,1160102.7165690984,0.0,0.0,-0.34211378768786815
0.005,0.05,1.0,100,50,20,0.3,10.0,0.4899302845761948,0.08599402911672382,0.20687237331975467,0.27066943844732716,-0.2888736259072584,0.5022165042569666,-0.012286219680771815,0.08784081912570496,-0.0018467900089811362,-0.32461968881054826,0.035746062903289855,0.0,0.0,0.2976873670853283,0.002517934297158354,0.4815119145439606,0.3884297520661157,0.11451633300664017,-0.06029757381150673,1.8991864144422135,1.2961227652444782,36.696280991735534,63.36988773250131,0.6929416351235272,0.8271615326142312,0.13628899835796388,9.942528735632184,0.06896551724137931,971.0,484.0,90.0,0.045766670151721575,1489930.2845761948,1.0,0.0,-0.012286219680771815
0.005,0.05,1.0,100,50,20,1.0,10.0,0.4899302845761948,0.08599402911672382,0.20687237331975467,0.27066943844732716,-0.2888736259072584,0.5022165042569666,-0.012286219680771815,0.08784081912570496,-0.0018467900089811362,-0.32461968881054826,0.035746062903289855,0.0,0.0,0.2976873670853283,0.002517934297158354,0.4815119145439606,0.3884297520661157,0.11451633300664017,-0.06029757381150673,1.8991864144422135,1.2961227652444782,36.696280991735534,63.36988773250131,0.6929416351235272,0.8271615326142312,0.13628899835796388,9.942528735632184,0.06896551724137931,971.0,484.0,90.0,0.045766670151721575,1489930.2845761948,1.0,0.0,-0.012286219680771815
0.005,0.05,1.0,100,50,60,0.3,10.0,0.16010271656909847,0.03120281955871329,0.1247733570760146,0.009640035235891813,-0.3092129269383105,0.5022165042569666,-0.34211378768786815,0.08784081912570496,-0.05663799956699167,-0.32461968881054826,0.015406761872237773,0.0,0.0,0.10091046279232177,-0.38331317224701306,0.3294987674609696,0.42696629213483145,0.12788773038556253,-0.05173324880784235,2.4720606830742042,1.2518606458303678,35.11797752808989,36.834462218122084,0.33812048016966695,0.18310368014459105,0.5024630541871922,3.3817733990147785,0.3784893267651888,357.0,178.0,72.0,0.07421540486851537,1160102.7165690984,0.0,0.0,-0.34211378768786815
0.005,0.05,1.0,100,50,60,1.0,10.0,0.16010271656909847,0.03120281955871329,0.1247733570760146,0.009640035235891813,-0.3092129269383105,0.5022165042569666,-0.34211378768786815,0.08784081912570496,-0.05663799956699167,-0.32461968881054826,0.015406761872237773,0.0,0.0,0.10091046279232177,-0.38331317224701306,0.3294987674609696,0.42696629213483145,0.12788773038556253,-0.05173324880784235,2.4720606830742042,1.2518606458303678,35.11797752808989,36.834462218122084,0.33812048016966695,0.18310368014459105,0.5024630541871922,3.3817733990147785,0.3784893267651888,357.0,178.0,72.0,0.07421540486851537,1160102.7165690984,0.0,0.0,-0.34211378768786815
0.005,0.1,0.0,100,30,20,0.3,10.0,0.15456556759160844,0.030182559971656087,0.16641417814611137,0.001097021742316934,-0.24558050161746936,0.5022165042569666,-0.3476509366653582,0.08784081912570496,-0.057658259154048874,-0.32461968881054826,0.0790391871930789,0.0,0.0,0.12290291685563139,-0.4203394620353642,0.4987674609695974,0.37002652519893897,0.10778612176897921,-0.0533049688413958,2.022065186637427,1.0935082584971185,35.0026525198939,69.5810545543837,0.6893575147903793,0.7847765614931952,0.10016420361247948,14.733169129720855,0.03858784893267652,1518.0,754.0,97.0,0.042147209074574615,1154565.5675916085,1.0,0.0,-0.3476509366653582
0.005,0.1,0.0,100,30,20,1.0,10.0,0.15456556759160844,0.030182559971656087,0.16641417814611137,0.001097021742316934,-0.24558050161746936,0.5022165042569666,-0.3476509366653582,0.08784081912570496,-0.057658259154048874,-0.32461968881054826,0.0790391871930789,0.0,0.0,0.12290291685563139,-0.4203394620353642,0.4987674609695974,0.37002652519893897,0.10778612176897921,-0.0533049688413958,2.022065186637427,1.0935082584971185,35.0026525198939,69.5810545543837,0.6893575147903793,0.7847765614931952,0.10016420361247948,14.733169129720855,0.03858784893267652,1518.0,754.0,97.0,0.042147209074574615,1154565.5675916085,1.0,0.0,-0.3476509366653582
0.005,0.1,0.0,100,30,60,0.3,10.0,0.18807686495412268,0.0362989951786552,0.09338023296275876,0.06745533801749375,-0.2442148397537255,0.5022165042569666,-0.31413963930284394,0.08784081912570496,-0.05154182394704976,-0.32461968881054826,0.08040484905682277,0.0,0.0,0.148635501492294,-0.3867585513861517,0.3689400164338537,0.35990338164251207,0.11030331189950386,-0.044875108448364384,2.4580065812303173,1.253655412729883,29.908212560386474,38.83595443360157,0.3207908195506856,0.19134234505964537,0.5041050903119869,6.779967159277504,0.29720853858784896,838.0,414.0,86.0,0.03178070417393013,1188076.8649541226,0.0,0.0,-0.31413963930284394
0.005,0.1,0.0,100,30,60,1.0,10.0,0.18807686495412268,0.0362989951786552,0.09338023296275876,0.06745533801749375,-0.2442148397537255,0.5022165042569666,-0.31413963930284394,0.08784081912570496,-0.05154182394704976,-0.32461968881054826,0.08040484905682277,0.0,0.0,0.148635501492294,-0.3867585513861517,0.3689400164338537,0.35990338164251207,0.11030331189950386,-0.044875108448364384,2.4580065812303173,1.253655412729883,29.908212560386474,38.83595443360157,0.3207908195506856,0.19134234505964537,0.5041050903119869,6.779967159277504,0.29720853858784896,838.0,414.0,86.0,0.03178070417393013,1188076.8649541226,0.0,0.0,-0.31413963930284394
0.005,0.1,0.0,100,50,20,0.3,10.0,0.20687692680739067,0.039670664177751114,0.16681294335885266,0.05797310438283744,-0.24640557051903822,0.5022165042569666,-0.29533957744957595,0.08784081912570496,-0.04817015494795385,-0.32461968881054826,0.07821411829151004,0.0,0.0,0.16099743238023106,-0.35156241000681515,0.5020542317173378,0.3751493428912784,0.10864904568438036,-0.05588663234596145,1.9440972039932136,1.1110124211227828,36.01911589008363,66.26414496177867,0.6895832632350836,0.7583630342552699,0.09770114942528736,16.860426929392446,0.03858784893267652,1686.0,837.0,99.0,0.04258065371076053,1206876.9268073908,1.0,0.0,-0.29533957744957595
0.005,0.1,0.0,100,50,20,1.0,10.0,0.20687692680739067,0.039670664177751114,0.16681294335885266,0.05797310438283744,-0.24640557051903822,0.5022165042569666,-0.29533957744957595,0.08784081912570496,-0.04817015494795385,-0.32461968881054826,0.07821411829151004,0.0,0.0,0.16099743238023106,-0.35156241000681515,0.5020542317173378,0.3751493428912784,0.10864904568438036,-0.05588663234596145,1.9440972039932136,1.1110124211227828,36.01911589008363,66.26414496177867,0.6895832632350836,0.7583630342552699,0.09770114942528736,16.860426929392446,0.03858784893267652,1686.0,837.0,99.0,0.04258065371076053,1206876.9268073908,1.0,0.0,-0.29533957744957595
0.005,0.1,0.0,100,50,60,0.3,10.0,0.19309058814658542,0.03720228806570458,0.09383429602426989,0.07675539084176362,-0.23380890941780352,0.5022165042569666,-0.3091259161103812,0.08784081912570496,-0.05063853106000038,-0.32461968881054826,0.09081077939274473,0.0,0.0,0.15911407378931897,-0.3819389298253871,0.3705834018077239,0.3473451327433628,0.10789081761235583,-0.04544445243801601,2.37412515332897,1.225979594449542,30.055309734513273,38.73692523882013,0.3219751526701976,0.20796288500964066,0.49507389162561577,7.466338259441708,0.28735632183908044,916.0,452.0,88.0,0.03244850316726586,1193090.5881465855,0.0,0.0,-0.3091259161103812
0.005,0.1,0.0,100,50,60,1.0,10.0,0.19309058814658542,0.03720228806570458,0.09383429602426989,0.07675539084176362,-0.23380890941780352,0.5022165042569666,-0.3091259161103812,0.08784081912570496,-0.05063853106000038,-0.32461968881054826,0.09081077939274473,0.0,0.0,0.15911407378931897,-0.3819389298253871,0.3705834018077239,0.3473451327433628,0.10789081761235583,-0.04544445243801601,2.37412515332897,1.225979594449542,30.055309734513273,38.73692523882013,0.3219751526701976,0.20796288500964066,0.49507389162561577,7.466338259441708,0.28735632183908044,916.0,452.0,88.0,0.03244850316726586,1193090.5881465855,0.0,0.0,-0.3091259161103812
0.005,0.1,0.5,100,30,20,0.3,10.0,0.2037419543727348,0.039111334830297384,0.1656582483903688,0.055000791803779016,-0.23826137216669718,0.5022165042569666,-0.29847454988423183,0.08784081912570496,-0.04872948429540758,-0.32461968881054826,0.08635831664385107,0.0,0.0,0.1641530663347877,-0.3637039830491658,0.49958915365653245,0.3721244925575101,0.10807281029068502,-0.05393210387754742,2.003867873132927,1.1188949846067089,35.276048714479025,67.55114160546135,0.6863247928305414,0.7658542475353065,0.10426929392446634,14.570607553366173,0.03858784893267652,1489.0,739.0,96.0,0.04506188492484069,1203741.9543727348,1.0,0.0,-0.29847454988423183
0.005,0.1,0.5,100,30,20,1.0,10.0,0.2037419543727348,0.039111334830297384,0.1656582483903688,0.055000791803779016,-0.23826137216669718,0.5022165042569666,-0.29847454988423183,0.08784081912570496,-0.04872948429540758,-0.32461968881054826,0.08635831664385107,0.0,0.0,0.1641530663347877,-0.3637039830491658,0.49958915365653245,0.3721244925575101,0.10807281029068502,-0.05393210387754742,2.003867873132927,1.1188949846067089,35.276048714479025,67.55114160546135,0.6863247928305414,0.7658542475353065,0.10426929392446634,14.570607553366173,0.03858784893267652,1489.0,739.0,96.0,0.04506188492484069,1203741.9543727348,1.0,0.0,-0.29847454988423183
0.005,0.1,0.5,100,30,60,0.3,10.0,0.22534918240627722,0.04294321188296868,0.09514035712110498,0.1360433392791784,-0.24257215343301175,0.5022165042569666,-0.2768673218506894,0.08784081912570496,-0.04489760724273628,-0.32461968881054826,0.0820475353775365,0.0,0.0,0.17703273551895063,-0.3454248572478515,0.37387017255546423,0.36363636363636365,0.109860071068148,-0.04516621740128366,2.432350490900876,1.271189896488418,30.08108108108108,38.77489023091129,0.3248103780312805,0.1958420663587881,0.5008210180623974,6.739737274220033,0.29720853858784896,826.0,407.0,85.0,0.036999718782873316,1225349.1824062772,0.0,0.0,-0.2768673218506894
0.005,0.1,0.5,100,30,60,1.0,10.0,0.22534918240627722,0.04294321188296868,0.09514035712110498,0.1360433392791784,-0.24257215343301175,0.5022165042569666,-0.2768673218506894,0.08784081912570496,-0.04489760724273628,-0.32461968881054826,0.0820475353775365,0.0,0.0,0.17703273551895063,-0.3454248572478515,0.37387017255546423,0.36363636363636365,0.109860071068148,-0.04516621740128366,2.432350490900876,1.271189896488418,30.08108108108108,38.77489023091129,0.3248103780312805,0.1958420663587881,0.5008210180623974,6.739737274220033,0.29720853858784896,826.0,407.0,85.0,0.036999718782873316,1225349.1824062772,0.0,0.0,-0.2768673218506894
0.005,0.1,0.5,100,50,20,0.3,10.0,0.26624317303865075,0.05005110907435162,0.16698815401353773,0.1200750388121907,-0.23745994455277697,0.5022165042569666,-0.23597333121831587,0.08784081912570496,-0.03778971005135334,-0.32461968881054826,0.08715974425777129,0.0,0.0,0.2107770603948214,-0.2844420218299068,0.4979457682826623,0.3763702801461632,0.10882631902698581,-0.0563596871679376,1.9309248240273393,1.1493726479198656,36.05602923264312,66.31238551466063,0.6916625840389905,0.7762551661689391,0.09770114942528736,16.558292282430212,0.03858784893267652,1654.0,821.0,99.0,0.04552843019305349,1266243.1730386508,1.0,0.0,-0.23597333121831587
0.005,0.1,0.5,100,50,20,1.0,10.0,0.26624317303865075,0.05005110907435162,0.16698815401353773,0.1200750388121907,-0.23745994455277697,0.5022165042569666,-0.23597333121831587,0.08784081912570496,-0.03778971005135334,-0.32461968881054826,0.08715974425777129,0.0,0.0,0.2107770603948214,-0.2844420218299068,0.4979457682826623,0.3763702801461632,0.10882631902698581,-0.0563596871679376,1.9309248240273393,1.1493726479198656,36.05602923264312,66.31238551466063,0.6916625840389905,0.7762551661689391,0.09770114942528736,16.558292282430212,0.03858784893267652,1654.0,821.0,99.0,0.04552843019305349,1266243.1730386508,1.0,0.0,-0.23597333121831587
0.005,0.1,0.5,100,50,60,0.3,10.0,0.2071369836578314,0.03971701071052136,0.09558542585776351,0.10165786910842266,-0.23134373679687525,0.5022165042569666,-0.2950795205991352,0.08784081912570496,-0.0481238084151836,-0.32461968881054826,0.093275952013673,0.0,0.0,0.17167964545067302,-0.36478003276725907,0.37551355792933444,0.350561797752809,0.10745484237307497,-0.045717162758929494,2.35042675197701,1.2416950887150209,30.21573033707865,38.72555667047845,0.3260597513794215,0.21127869864513793,0.4917898193760263,7.398193760262726,0.28735632183908044,902.0,445.0,88.0,0.03565096758119335,1207136.9836578313,0.0,0.0,-0.2950795205991352
0.005,0.1,0.5,100,50,60,1.0,10.0,0.2071369836578314,0.03971701071052136,0.09558542585776351,0.10165786910842266,-0.23134373679687525,0.5022165042569666,-0.2950795205991352,0.08784081912570496,-0.0481238084151836,-0.32461968881054826,0.093275952013673,0.0,0.0,0.17167964545067302,-0.36478003276725907,0.37551355792933444,0.350561797752809,0.10745484237307497,-0.045717162758929494,2.35042675197701,1.2416950887150209,30.21573033707865,38.72555667047845,0.3260597513794215,0.21127869864513793,0.4917898193760263,7.398193760262726,0.28735632183908044,902.0,445.0,88.0,0.03565096758119335,1207136.9836578313,0.0,0.0,-0.2950795205991352
0.005,0.1,1.0,100,30,20,0.3,10.0,0.10790870458014656,0.02142790602740341,0.1899484904062034,-0.04512851854871408,-0.38001148947153607,0.5022165042569666,-0.39430779967682006,0.08784081912570496,-0.06641291309830155,-0.32461968881054826,-0.05539180066098781,0.0,0.0,0.056387521485737654,-0.37182408066260336,0.4724732949876746,0.3915929203539823,0.11548639808707512,-0.05927769645808203,1.9482268203309963,1.0347332741862778,34.81637168141593,69.267253767255,0.6562778427958964,0.7708601528526872,0.1568144499178982,8.79392446633826,0.06896551724137931,907.0,452.0,89.0,0.04349428369928575,1107908.7045801466,1.0,0.0,-0.39430779967682006
0.005,0.1,1.0,100,30,20,1.0,10.0,0.10790870458014656,0.02142790602740341,0.1899484904062034,-0.04512851854871408,-0.38001148947153607,0.5022165042569666,-0.39430779967682006,0.08784081912570496,-0.06641291309830155,-0.32461968881054826,-0.05539180066098781,0.0,0.0,0.056387521485737654,-0.37182408066260336,0.4724732949876746,0.3915929203539823,0.11548639808707512,-0.05927769645808203,1.9482268203309963,1.0347332741862778,34.81637168141593,69.267253767255,0.6562778427958964,0.7708601528526872,0.1568144499178982,8.79392446633826,0.06896551724137931,907.0,452.0,89.0,0.04349428369928575,1107908.7045801466,1.0,0.0,-0.39430779967682006
0.005,0.1,1.0,100,30,60,0.3,10.0,0.19367830063467473,0.03730797551083187,0.11756660887762513,0.06216029857966499,-0.3275038961283747,0.5022165042569666,-0.3085382036222919,0.08784081912570496,-0.05053284361487309,-0.32461968881054826,-0.0028842073178264593,0.0,0.0,0.11391612726404916,-0.34553035482011646,0.3171733771569433,0.4228571428571429,0.13591536335379156,-0.05231869431899036,2.597835537047371,1.2590425502706648,32.12,37.18359943209198,0.3140271942742094,0.13656545064267678,0.548440065681445,3.0385878489326763,0.41625615763546797,351.0,175.0,72.0,0.07014890916045624,1193678.3006346747,0.0,0.0,-0.3085382036222919
0.005,0.1,1.0,100,30,60,1.0,10.0,0.19367830063467473,0.03730797551083187,0.11756660887762513,0.06216029857966499,-0.3275038961283747,0.5022165042569666,-0.3085382036222919,0.08784081912570496,-0.05053284361487309,-0.32461968881054826,-0.0028842073178264593,0.0,0.0,0.11391612726404916,-0.34553035482011646,0.3171733771569433,0.4228571428571429,0.13591536335379156,-0.05231869431899036,2.597835537047371,1.2590425502706648,32.12,37.18359943209198,0.3140271942742094,0.13656545064267678,0.548440065681445,3.0385878489326763,0.41625615763546797,351.0,175.0,72.0,0.07014890916045624,1193678.3006346747,0.0,0.0,-0.3085382036222919
0.005,0.1,1.0,100,50,20,0.3,10.0,0.1609656258252965,0.031361468787417746,0.1953727629790535,0.006968570064004847,-0.33615036524810604,0.5022165042569666,-0.3412508784316701,0.08784081912570496,-0.056479350338287215,-0.32461968881054826,-0.011530676437557785,0.0,0.0,0.09329595332811987,-0.3012213848884113,0.4732949876746097,0.39387755102040817,0.115620135196344,-0.059840465062741294,1.9321396495685494,1.071104669987448,34.279591836734696,69.10524324624994,0.6524171808689092,0.7635538108501863,0.16174055829228243,9.416256157635468,0.06896551724137931,983.0,490.0,90.0,0.042866885401377244,1160965.6258252964,1.0,0.0,-0.3412508784316701
0.005,0.1,1.0,100,50,20,1.0,10.0,0.1609656258252965,0.031361468787417746,0.1953727629790535,0.006968570064004847,-0.33615036524810604,0.5022165042569666,-0.3412508784316701,0.08784081912570496,-0.056479350338287215,-0.32461968881054826,-0.011530676437557785,0.0,0.0,0.09329595332811987,-0.3012213848884113,0.4732949876746097,0.39387755102040817,0.115620135196344,-0.059840465062741294,1.9321396495685494,1.071104669987448,34.279591836734696,69.10524324624994,0.6524171808689092,0.7635538108501863,0.16174055829228243,9.416256157635468,0.06896551724137931,983.0,490.0,90.0,0.042866885401377244,1160965.6258252964,1.0,0.0,-0.3412508784316701
0.005,0.1,1.0,100,50,60,0.3,10.0,0.19367830063467473,0.03730797551083187,0.11756660887762513,0.06216029857966499,-0.3275038961283747,0.5022165042569666,-0.3085382036222919,0.08784081912570496,-0.05053284361487309,-0.32461968881054826,-0.0028842073178264593,0.0,0.0,0.11391612726404916,-0.34553035482011646,0.3171733771569433,0.4228571428571429,0.13591536335379156,-0.05231869431899036,2.597835537047371,1.2590425502706648,32.12,37.18359943209198,0.3140271942742094,0.13656545064267678,0.548440065681445,3.0385878489326763,0.41625615763546797,351.0,175.0,72.0,0.07014890916045624,1193678.3006346747,0.0,0.0,-0.3085382036222919
0.005,0.1,1.0,100,50,60,1.0,10.0,0.19367830063467473,0.03730797551083187,0.11756660887762513,0.06216029857966499,-0.3275038961283747,0.5022165042569666,-0.3085382036222919,0.08784081912570496,-0.05053284361487309,-0.32461968881054826,-0.0028842073178264593,0.0,0.0,0.11391612726404916,-0.34553035482011646,0.3171733771569433,0.4228571428571429,0.13591536335379156,-0.05231869431899036,2.597835537047371,1.2590425502706648,32.12,37.18359943209198,0.3140271942742094,0.13656545064267678,0.548440065681445,3.0385878489326763,0.41625615763546797,351.0,175.0,72.0,0.07014890916045624,1193678.3006346747,0.0,0.0,-0.3085382036222919
0.01,0.05,0.0,100,30,20,0.3,10.0,0.19569043977948608,0.0376695032044152,0.1615722606408669,0.047467945141044424,-0.302115056322529,0.5022165042569666,-0.30652606447748054,0.08784081912570496,-0.05017131592128976,-0.32461968881054826,0.02250463248801926,0.0,0.0,0.12468595131584692,-0.34636933347686166,0.48726376335250615,0.3867403314917127,0.0934601100522214,-0.03802568330053918,2.457815401068577,1.1169499803622407,27.48729281767956,79.98711243114747,0.6036343442767448,0.6434830755205405,0.16666666666666666,13.733169129720855,0.0665024630541872,1817.0,905.0,95.0,0.04581532006495376,1195690.439779486,1.0,0.0,-0.30652606447748054
0.01,0.05,0.0,100,30,20,1.0,10.0,0.19569043977948608,0.0376695032044152,0.1615722606408669,0.047467945141044424,-0.302115056322529,0.5022165042569666,-0.30652606447748054,0.08784081912570496,-0.05017131592128976,-0.32461968881054826,0.02250463248801926,0.0,0.0,0.12468595131584692,-0.34636933347686166,0.48726376335250615,0.3867403314917127,0.0934601100522214,-0.03802568330053918,2.457815401068577,1.1169499803622407,27.48729281767956,79.98711243114747,0.6036343442767448,0.6434830755205405,0.16666666666666666,13.733169129720855,0.0665024630541872,1817.0,905.0,95.0,0.04581532006495376,1195690.439779486,1.0,0.0,-0.30652606447748054
0.01,0.05,0.0,100,30,60,0.3,10.0,0.15781809083831377,0.030782329831772204,0.09306348213099346,0.00840641048301868,-0.16045702030867437,0.5022165042569666,-0.34439841341865285,0.08784081912570496,-0.05705848929393276,-0.32461968881054826,0.1641626685018739,0.0,0.0,0.19184158955809863,-0.4032722804479309,0.33853738701725555,0.3826291079812207,0.09257407482288973,-0.035447337916925836,2.6115945586618032,1.213358981083264,24.762910798122064,39.075701051599694,0.25694634684439543,0.09529573189285367,0.5812807881773399,5.761904761904762,0.36042692939244664,859.0,426.0,83.0,0.04274595938127105,1157818.0908383138,0.0,0.0,-0.34439841341865285
0.01,0.05,0.0,100,30,60,1.0,10.0,0.15781809083831377,0.030782329831772204,0.09306348213099346,0.00840641048301868,-0.16045702030867437,0.5022165042569666,-0.34439841341865285,0.08784081912570496,-0.05705848929393276,-0.32461968881054826,0.1641626685018739,0.0,0.0,0.19184158955809863,-0.4032722804479309,0.33853738701725555,0.3826291079812207,0.09257407482288973,-0.035447337916925836,2.6115945586618032,1.213358981083264,24.762910798122064,39.075701051599694,0.25694634684439543,0.09529573189285367,0.5812807881773399,5.761904761904762,0.36042692939244664,859.0,426.0,83.0,0.04274595938127105,1157818.0908383138,0.0,0.0,-0.34439841341865285
0.01,0.05,0.0,100,50,20,0.3,10.0,0.3410706010550204,0.06259876115073992,0.1569961058053756,0.2076405716148899,-0.30244299108261274,0.5022165042569666,-0.16114590320194622,0.08784081912570496,-0.025242057974965038,-0.32461968881054826,0.022176697727935513,0.0,0.0,0.20697706012846892,-0.20551837401130993,0.4815119145439606,0.38322211630123926,0.09087323074479145,-0.04121680039830619,2.204761889972563,1.2240712416110686,27.682554814108673,76.64085921753241,0.6044509516587835,0.6542783977849275,0.16666666666666666,16.032019704433498,0.0665024630541872,2105.0,1049.0,98.0,0.04558891922547041,1341070.6010550205,1.0,0.0,-0.16114590320194622
0.01,0.05,0.0,100,50,20,1.0,10.0,0.3410706010550204,0.06259876115073992,0.1569961058053756,0.2076405716148899,-0.30244299108261274,0.5022165042569666,-0.16114590320194622,0.08784081912570496,-0.025242057974965038,-0.32461968881054826,0.022176697727935513,0.0,0.0,0.20697706012846892,-0.20551837401130993,0.4815119145439606,0.38322211630123926,0.09087323074479145,-0.04121680039830619,2.204761889972563,1.2240712416110686,27.682554814108673,76.64085921753241,0.6044509516587835,0.6542783977849275,0.16666666666666666,16.032019704433498,0.0665024630541872,2105.0,1049.0,98.0,0.04558891922547041,1341070.6010550205,1.0,0.0,-0.16114590320194622
0.01,0.05,0.0,100,50,60,0.3,10.0,0.15167442319808155,0.029648302856273068,0.09262736738503895,-0.0037969031578429253,-0.16057320727782487,0.5022165042569666,-0.35054208105888507,0.08784081912570496,-0.05819251626943189,-0.32461968881054826,0.1640464815327234,0.0,0.0,0.1846404101835954,-0.4104154887207079,0.33935907970419066,0.37763713080168776,0.0930775606718397,-0.03665980916088219,2.5389537698728124,1.1992190087592405,25.135021097046412,38.986066412162344,0.2589641047408914,0.09476547425149157,0.577175697865353,6.498357963875205,0.34318555008210183,955.0,474.0,87.0,0.04161750009941557,1151674.4231980816,0.0,0.0,-0.35054208105888507
0.01,0.05,0.0,100,50,60,1.0,10.0,0.15167442319808155,0.029648302856273068,0.09262736738503895,-0.0037969031578429253,-0.16057320727782487,0.5022165042569666,-0.35054208105888507,0.08784081912570496,-0.05819251626943189,-0.32461968881054826,0.1640464815327234,0.0,0.0,0.1846404101835954,-0.4104154887207079,0.33935907970419066,0.37763713080168776,0.0930775606718397,-0.03665980916088219,2.5389537698728124,1.1992190087592405,25.135021097046412,38.986066412162344,0.2589641047408914,0.09476547425149157,0.577175697865353,6.498357963875205,0.34318555008210183,955.0,474.0,87.0,0.04161750009941557,1151674.4231980816,0.0,0.0,-0.35054208105888507
0.01,0.05,0.5,100,30,20,0.3,10.0,0.32150585058856107,0.05937270070940448,0.16575972363644684,0.17720046863631525,-0.29683287270346526,0.5022165042569666,-0.18071065366840555,0.08784081912570496,-0.02846811841630048,-0.32461968881054826,0.027786816107083,0.0,0.0,0.20002063844430581,-0.2049859165259746,0.485620377978636,0.38738738738738737,0.09487314489642067,-0.03866104209510878,2.453972778670226,1.213343526490748,27.655405405405407,79.14770903997317,0.6086164778089622,0.6422270298510617,0.15763546798029557,13.564039408866995,0.0665024630541872,1783.0,888.0,94.0,0.04667385354419631,1321505.850588561,1.0,0.0,-0.18071065366840555
0.01,0.05,0.5,100,30,20,1.0,10.0,0.32150585058856107,0.05937270070940448,0.16575972363644684,0.17720046863631525,-0.29683287270346526,0.5022165042569666,-0.18071065366840555,0.08784081912570496,-0.02846811841630048,-0.32461968881054826,0.027786816107083,0.0,0.0,0.20002063844430581,-0.2049859165259746,0.485620377978636,0.38738738738738737,0.09487314489642067,-0.03866104209510878,2.453972778670226,1.213343526490748,27.655405405405407,79.14770903997317,0.6086164778089622,0.6422270298510617,0.15763546798029557,13.564039408866995,0.0665024630541872,1783.0,888.0,94.0,0.04667385354419631,1321505.850588561,1.0,0.0,-0.18071065366840555
0.01,0.05,0.5,100,30,60,0.3,10.0,0.1868959903735219,0.036085804207096395,0.09321099867379704,0.0652906233565246,-0.15935997989810768,0.5022165042569666,-0.31532051388344473,0.08784081912570496,-0.051755014918608566,-0.32461968881054826,0.16525970891244057,0.0,0.0,0.22644207303595987,-0.37353622463801195,0.33771569433032045,0.3880952380952381,0.09554570947970976,-0.035784112757898556,2.6700594793598773,1.261052341422607,25.1,39.05017514491391,0.25937761423975914,0.10089494067822674,0.5862068965517241,5.764367816091954,0.36042692939244664,847.0,420.0,83.0,0.04261435211951281,1186895.9903735218,0.0,0.0,-0.31532051388344473
0.01,0.05,0.5,100,30,60,1.0,10.0,0.1868959903735219,0.036085804207096395,0.09321099867379704,0.0652906233565246,-0.15935997989810768,0.5022165042569666,-0.31532051388344473,0.08784081912570496,-0.051755014918608566,-0.32461968881054826,0.16525970891244057,0.0,0.0,0.22644207303595987,-0.37353622463801195,0.33771569433032045,0.3880952380952381,0.09554570947970976,-0.035784112757898556,2.6700594793598773,1.261052341422607,25.1,39.05017514491391,0.25937761423975914,0.10089494067822674,0.5862068965517241,5.764367816091954,0.36042692939244664,847.0,420.0,83.0,0.04261435211951281,1186895.9903735218,0.0,0.0,-0.31532051388344473
0.01,0.05,0.5,100,50,20,0.3,10.0,0.5004577931105525,0.08757719672510555,0.16179163135485514,0.35587252716935874,-0.2975639976730693,0.5022165042569666,-0.001758711146414127,0.08784081912570496,-0.0002636224005994059,-0.32461968881054826,0.027055691137478965,0.0,0.0,0.2943138195815133,-0.04264081646376519,0.48397699260476584,0.3816046966731898,0.0928599250767242,-0.04193039005085647,2.2146210651533744,1.3444049467432504,27.717221135029355,75.95771437869902,0.6091294834549621,0.6550106975606447,0.16584564860426929,15.648604269293925,0.0665024630541872,2051.0,1022.0,98.0,0.046585405956381554,1500457.7931105525,1.0,0.0,-0.001758711146414127
0.01,0.05,0.5,100,50,20,1.0,10.0,0.5004577931105525,0.08757719672510555,0.16179163135485514,0.35587252716935874,-0.2975639976730693,0.5022165042569666,-0.001758711146414127,0.08784081912570496,-0.0002636224005994059,-0.32461968881054826,0.027055691137478965,0.0,0.0,0.2943138195815133,-0.04264081646376519,0.48397699260476584,0.3816046966731898,0.0928599250767242,-0.04193039005085647,2.2146210651533744,1.3444049467432504,27.717221135029355,75.95771437869902,0.6091294834549621,0.6550106975606447,0.16584564860426929,15.648604269293925,0.0665024630541872,2051.0,1022.0,98.0,0.046585405956381554,1500457.7931105525,1.0,0.0,-0.001758711146414127
0.01,0.05,0.5,100,50,60,0.3,10.0,0.1742431244789311,0.0337908763761261,0.09327052352564212,0.0406438844002404,-0.15951562493620974,0.5022165042569666,-0.32797337977803553,0.08784081912570496,-0.05404994274957886,-0.32461968881054826,0.1651040638743385,0.0,0.0,0.21183427259642473,-0.3869269021521657,0.33853738701725555,0.38146551724137934,0.09477072653482227,-0.037000380061026135,2.561344677500969,1.2358168517092676,25.36637931034483,38.94865537192776,0.26139731446553505,0.09461309467785917,0.5706075533661741,6.422824302134647,0.34318555008210183,935.0,464.0,87.0,0.04175651043788013,1174243.124478931,0.0,0.0,-0.32797337977803553
0.01,0.05,0.5,100,50,60,1.0,10.0,0.1742431244789311,0.0337908763761261,0.09327052352564212,0.0406438844002404,-0.15951562493620974,0.5022165042569666,-0.32797337977803553,0.08784081912570496,-0.05404994274957886,-0.32461968881054826,0.1651040638743385,0.0,0.0,0.21183427259642473,-0.3869269021521657,0.33853738701725555,0.38146551724137934,0.09477072653482227,-0.037000380061026135,2.561344677500969,1.2358168517092676,25.36637931034483,38.94865537192776,0.26139731446553505,0.09461309467785917,0.5706075533661741,6.422824302134647,0.34318555008210183,935.0,464.0,87.0,0.04175651043788013,1174243.124478931,0.0,0.0,-0.32797337977803553
0.01,0.05,1.0,100,30,20,0.3,10.0,0.2750596075488325,0.05155960370274282,0.18209697969827046,0.11839627290066244,-0.2839279669920086,0.5022165042569666,-0.2271568967081341,0.08784081912570496,-0.03628121542296214,-0.32461968881054826,0.04069172181853964,0.0,0.0,0.18159395937277995,-0.20454689744611557,0.44124897288414133,0.3424657534246575,0.11316796215694097,-0.04424898670806291,2.5575266367923373,1.1558026821401868,26.962818003913895,78.16526653141607,0.5824189896852938,0.6729233597896589,0.24548440065681446,7.603448275862069,0.1477832512315271,1023.0,511.0,88.0,0.04493363923031871,1275059.6075488324,1.0,0.0,-0.2271568967081341
0.01,0.05,1.0,100,30,20,1.0,10.0,0.2750596075488325,0.05155960370274282,0.18209697969827046,0.11839627290066244,-0.2839279669920086,0.5022165042569666,-0.2271568967081341,0.08784081912570496,-0.03628121542296214,-0.32461968881054826,0.04069172181853964,0.0,0.0,0.18159395937277995,-0.20454689744611557,0.44124897288414133,0.3424657534246575,0.11316796215694097,-0.04424898670806291,2.5575266367923373,1.1558026821401868,26.962818003913895,78.16526653141607,0.5824189896852938,0.6729233597896589,0.24548440065681446,7.603448275862069,0.1477832512315271,1023.0,511.0,88.0,0.04493363923031871,1275059.6075488324,1.0,0.0,-0.2271568967081341
0.01,0.05,1.0,100,30,60,0.3,10.0,0.20473987696073492,0.03928950543914311,0.11898456856145913,0.07807319513323951,-0.2202815133356657,0.5022165042569666,-0.2974766272962317,0.08784081912570496,-0.04855131368656185,-0.32461968881054826,0.10433817547488256,0.0,0.0,0.1783604299979256,-0.31967885328100826,0.26787181594083814,0.40641711229946526,0.11695211663721668,-0.03981211163685791,2.9376014441028246,1.3608316932783397,25.951871657754012,37.446463307021716,0.2723357549601418,0.08320029824540154,0.645320197044335,2.6379310344827585,0.47783251231527096,375.0,187.0,72.0,0.07388512010012575,1204739.8769607348,0.0,0.0,-0.2974766272962317
0.01,0.05,1.0,100,30,60,1.0,10.0,0.20473987696073492,0.03928950543914311,0.11898456856145913,0.07807319513323951,-0.2202815133356657,0.5022165042569666,-0.2974766272962317,0.08784081912570496,-0.04855131368656185,-0.32461968881054826,0.10433817547488256,0.0,0.0,0.1783604299979256,-0.31967885328100826,0.26787181594083814,0.40641711229946526,0.11695211663721668,-0.03981211163685791,2.9376014441028246,1.3608316932783397,25.951871657754012,37.446463307021716,0.2723357549601418,0.08320029824540154,0.645320197044335,2.6379310344827585,0.47783251231527096,375.0,187.0,72.0,0.07388512010012575,1204739.8769607348,0.0,0.0,-0.2974766272962317
0.01,0.05,1.0,100,50,20,0.3,10.0,0.27534892776912256,0.05160896611459109,0.1824163747776796,0.11845957437169263,-0.2838817952784273,0.5022165042569666,-0.22686757648784406,0.08784081912570496,-0.03623185301111387,-0.32461968881054826,0.04073789353212098,0.0,0.0,0.18179737825024583,-0.20378855427336126,0.447822514379622,0.3406193078324226,0.11294036040242819,-0.046560698261357114,2.4256586481685702,1.155718361299533,26.73406193078324,78.08694467384532,0.5835251569099253,0.6720031320979909,0.2471264367816092,8.126436781609195,0.13711001642036125,1099.0,549.0,90.0,0.04468312381575767,1275348.9277691226,1.0,0.0,-0.22686757648784406
0.01,0.05,1.0,100,50,20,1.0,10.0,0.27534892776912256,0.05160896611459109,0.1824163747776796,0.11845957437169263,-0.2838817952784273,0.5022165042569666,-0.22686757648784406,0.08784081912570496,-0.03623185301111387,-0.32461968881054826,0.04073789353212098,0.0,0.0,0.18179737825024583,-0.20378855427336126,0.447822514379622,0.3406193078324226,0.11294036040242819,-0.046560698261357114,2.4256586481685702,1.155718361299533,26.73406193078324,78.08694467384532,0.5835251569099253,0.6720031320979909,0.2471264367816092,8.126436781609195,0.13711001642036125,1099.0,549.0,90.0,0.04468312381575767,1275348.9277691226,1.0,0.0,-0.22686757648784406
0.01,0.05,1.0,100,50,60,0.3,10.0,0.20473987696073492,0.03928950543914311,0.11898456856145913,0.07807319513323951,-0.2202815133356657,0.5022165042569666,-0.2974766272962317,0.08784081912570496,-0.04855131368656185,-0.32461968881054826,0.10433817547488256,0.0,0.0,0.1783604299979256,-0.31967885328100826,0.26787181594083814,0.40641711229946526,0.11695211663721668,-0.03981211163685791,2.9376014441028246,1.3608316932783397,25.951871657754012,37.446463307021716,0.2723357549601418,0.08320029824540154,0.645320197044335,2.6379310344827585,0.47783251231527096,375.0,187.0,72.0,0.07388512010012575,1204739.8769607348,0.0,0.0,-0.2974766272962317
0.01,0.05,1.0,100,50,60,1.0,10.0,0.20473987696073492,0.03928950543914311,0.11898456856145913,0.07807319513323951,-0.2202815133356657,0.5022165042569666,-0.2974766272962317,0.08784081912570496,-0.04855131368656185,-0.32461968881054826,0.10433817547488256,0.0,0.0,0.1783604299979256,-0.31967885328100826,0.26787181594083814,0.40641711229946526,0.11695211663721668,-0.03981211163685791,2.9376014441028246,1.3608316932783397,25.951871657754012,37.446463307021716,0.2723357549601418,0.08320029824540154,0.645320197044335,2.6379310344827585,0.47783251231527096,375.0,187.0,72.0,0.07388512010012575,1204739.8769607348,0.0,0.0,-0.2974766272962317
0.01,0.1,0.0,100,30,20,0.3,10.0,0.2273463686585835,0.04329468498883027,0.13432575814411704,0.09897345953980402,-0.22617972218280935,0.5022165042569666,-0.27487013559838314,0.08784081912570496,-0.04454613413687469,-0.32461968881054826,0.0984399666277389,0.0,0.0,0.19141718174822683,-0.363672719303969,0.48233360723089563,0.3781431334622824,0.08531745168908925,-0.036319911981064594,2.3490544727522895,1.130800148652476,22.18375241779497,90.84407708537285,0.5564701728481355,0.5878655445439401,0.19047619047619047,12.591133004926109,0.07389162561576355,2074.0,1034.0,95.0,0.03234077390365328,1227346.3686585834,1.0,0.0,-0.27487013559838314
0.01,0.1,0.0,100,30,20,1.0,10.0,0.2273463686585835,0.04329468498883027,0.13432575814411704,0.09897345953980402,-0.22617972218280935,0.5022165042569666,-0.27487013559838314,0.08784081912570496,-0.04454613413687469,-0.32461968881054826,0.0984399666277389,0.0,0.0,0.19141718174822683,-0.363672719303969,0.48233360723089563,0.3781431334622824,0.08531745168908925,-0.036319911981064594,2.3490544727522895,1.130800148652476,22.18375241779497,90.84407708537285,0.5564701728481355,0.5878655445439401,0.19047619047619047,12.591133004926109,0.07389162561576355,2074.0,1034.0,95.0,0.03234077390365328,1227346.3686585834,1.0,0.0,-0.27487013559838314
0.01,0.1,0.0,100,30,60,0.3,10.0,0.14803804609340143,0.02897482112379013,0.07955418795818267,-0.012886548182086293,-0.14072364838446882,0.5022165042569666,-0.3541784581635652,0.08784081912570496,-0.05886599800191483,-0.32461968881054826,0.18389604042607943,0.0,0.0,0.20589873455119984,-0.4051501288946309,0.2645850451930978,0.39667458432304037,0.08749138737571507,-0.03375521669729361,2.5919367711459507,1.2016489159745694,19.938242280285035,39.525362081678445,0.20139967020456165,0.035114870406124876,0.6954022988505747,4.569786535303777,0.49014778325123154,848.0,421.0,83.0,0.03304556385020001,1148038.0460934015,0.0,0.0,-0.3541784581635652
0.01,0.1,0.0,100,30,60,1.0,10.0,0.14803804609340143,0.02897482112379013,0.07955418795818267,-0.012886548182086293,-0.14072364838446882,0.5022165042569666,-0.3541784581635652,0.08784081912570496,-0.05886599800191483,-0.32461968881054826,0.18389604042607943,0.0,0.0,0.20589873455119984,-0.4051501288946309,0.2645850451930978,0.39667458432304037,0.08749138737571507,-0.03375521669729361,2.5919367711459507,1.2016489159745694,19.938242280285035,39.525362081678445,0.20139967020456165,0.035114870406124876,0.6954022988505747,4.569786535303777,0.49014778325123154,848.0,421.0,83.0,0.03304556385020001,1148038.0460934015,0.0,0.0,-0.3541784581635652
0.01,0.1,0.0,100,50,20,0.3,10.0,0.18910048195845452,0.03648365948229815,0.1352515083153178,0.04793779798139114,-0.2324802941306353,0.5022165042569666,-0.3131160222985121,0.08784081912570496,-0.05135715964340681,-0.32461968881054826,0.09213939467991294,0.0,0.0,0.15693226653351208,-0.40952952050888697,0.4798685291700904,0.37405857740585774,0.08111766594225181,-0.0382486984617136,2.1207954572218823,1.1002388885881804,22.056903765690375,90.02773218643023,0.5630724456557609,0.5889892895569996,0.1839080459770115,14.459770114942529,0.06814449917898194,2396.0,1195.0,98.0,0.03265529471330341,1189100.4819584545,1.0,0.0,-0.3131160222985121
0.01,0.1,0.0,100,50,20,1.0,10.0,0.18910048195845452,0.03648365948229815,0.1352515083153178,0.04793779798139114,-0.2324802941306353,0.5022165042569666,-0.3131160222985121,0.08784081912570496,-0.05135715964340681,-0.32461968881054826,0.09213939467991294,0.0,0.0,0.15693226653351208,-0.40952952050888697,0.4798685291700904,0.37405857740585774,0.08111766594225181,-0.0382486984617136,2.1207954572218823,1.1002388885881804,22.056903765690375,90.02773218643023,0.5630724456557609,0.5889892895569996,0.1839080459770115,14.459770114942529,0.06814449917898194,2396.0,1195.0,98.0,0.03265529471330341,1189100.4819584545,1.0,0.0,-0.3131160222985121
0.01,0.1,0.0,100,50,60,0.3,10.0,0.13132053787317677,0.02585667966299221,0.07972557378150211,-0.05196977758182181,-0.140314115284901,0.5022165042569666,-0.37089596638378985,0.08784081912570496,-0.06198413946271275,-0.32461968881054826,0.18430557352564725,0.0,0.0,0.18427711004335862,-0.42339359621753264,0.2612982744453574,0.3818565400843882,0.08557373720166127,-0.03403460391282032,2.5143156482989633,1.1672274183468652,19.824894514767934,39.6102468263062,0.2019307951298783,0.03141078856781693,0.6995073891625616,5.116584564860427,0.4852216748768473,954.0,474.0,87.0,0.03444181896126412,1131320.5378731769,0.0,0.0,-0.37089596638378985
0.01,0.1,0.0,100,50,60,1.0,10.0,0.13132053787317677,0.02585667966299221,0.07972557378150211,-0.05196977758182181,-0.140314115284901,0.5022165042569666,-0.37089596638378985,0.08784081912570496,-0.06198413946271275,-0.32461968881054826,0.18430557352564725,0.0,0.0,0.18427711004335862,-0.42339359621753264,0.2612982744453574,0.3818565400843882,0.08557373720166127,-0.03403460391282032,2.5143156482989633,1.1672274183468652,19.824894514767934,39.6102468263062,0.2019307951298783,0.03141078856781693,0.6995073891625616,5.116584564860427,0.4852216748768473,954.0,474.0,87.0,0.03444181896126412,1131320.5378731769,0.0,0.0,-0.37089596638378985
0.01,0.1,0.5,100,30,20,0.3,10.0,0.2745646433185389,0.051475134705663894,0.13582312913410852,0.15811102897253868,-0.2253636050228386,0.5022165042569666,-0.2276518609384277,0.08784081912570496,-0.03636568442004107,-0.32461968881054826,0.09925608378770967,0.0,0.0,0.228409262003274,-0.3065500885366902,0.48397699260476584,0.379583746283449,0.08649814013564698,-0.036613352697769816,2.3624752655037717,1.16503713624898,22.28344895936571,90.57648076475382,0.5604622885030398,0.5846563839936718,0.17980295566502463,12.342364532019705,0.07389162561576355,2024.0,1009.0,95.0,0.03308149809780857,1274564.643318539,1.0,0.0,-0.2276518609384277
0.01,0.1,0.5,100,30,20,1.0,10.0,0.2745646433185389,0.051475134705663894,0.13582312913410852,0.15811102897253868,-0.2253636050228386,0.5022165042569666,-0.2276518609384277,0.08784081912570496,-0.03636568442004107,-0.32461968881054826,0.09925608378770967,0.0,0.0,0.228409262003274,-0.3065500885366902,0.48397699260476584,0.379583746283449,0.08649814013564698,-0.036613352697769816,2.3624752655037717,1.16503713624898,22.28344895936571,90.57648076475382,0.5604622885030398,0.5846563839936718,0.17980295566502463,12.342364532019705,0.07389162561576355,2024.0,1009.0,95.0,0.03308149809780857,1274564.643318539,1.0,0.0,-0.2276518609384277
0.01,0.1,0.5,100,30,60,0.3,10.0,0.18731346641941538,0.03616119308975896,0.08040742300624,0.07662468040147016,-0.14089559080338243,0.5022165042569666,-0.31490303783755125,0.08784081912570496,-0.051679626035946,-0.32461968881054826,0.18372409800716583,0.0,0.0,0.25665241107666265,-0.365244138338194,0.2654067378800329,0.40384615384615385,0.08898132388210171,-0.034111792045041625,2.6085209409288637,1.255546588616347,20.19471153846154,39.52359072735524,0.20479789283687824,0.035132377161167294,0.6904761904761905,4.577996715927751,0.48932676518883417,838.0,416.0,83.0,0.03363396883482004,1187313.4664194153,0.0,0.0,-0.31490303783755125
0.01,0.1,0.5,100,30,60,1.0,10.0,0.18731346641941538,0.03616119308975896,0.08040742300624,0.07662468040147016,-0.14089559080338243,0.5022165042569666,-0.31490303783755125,0.08784081912570496,-0.051679626035946,-0.32461968881054826,0.18372409800716583,0.0,0.0,0.25665241107666265,-0.365244138338194,0.2654067378800329,0.40384615384615385,0.08898132388210171,-0.034111792045041625,2.6085209409288637,1.255546588616347,20.19471153846154,39.52359072735524,0.20479789283687824,0.035132377161167294,0.6904761904761905,4.577996715927751,0.48932676518883417,838.0,416.0,83.0,0.03363396883482004,1187313.4664194153,0.0,0.0,-0.31490303783755125
0.01,0.1,0.5,100,50,20,0.3,10.0,0.24741859785898912,0.046802126350463436,0.13670509062327202,0.12290783228231242,-0.2266150799328428,0.5022165042569666,-0.2547979063979775,0.08784081912570496,-0.041038692775241525,-0.32461968881054826,0.09800460887770546,0.0,0.0,0.20652697236359208,-0.3375019558223931,0.48397699260476584,0.37317282889079967,0.0832908816491237,-0.03889081177697386,2.141659632274322,1.1407057584658826,21.99054170249355,89.889853326762,0.5640151499940993,0.5850601425638677,0.18472906403940886,14.038587848932677,0.06814449917898194,2332.0,1163.0,99.0,0.03290317910517489,1247418.5978589891,1.0,0.0,-0.2547979063979775
0.01,0.1,0.5,100,50,20,1.0,10.0,0.24741859785898912,0.046802126350463436,0.13670509062327202,0.12290783228231242,-0.2266150799328428,0.5022165042569666,-0.2547979063979775,0.08784081912570496,-0.041038692775241525,-0.32461968881054826,0.09800460887770546,0.0,0.0,0.20652697236359208,-0.3375019558223931,0.48397699260476584,0.37317282889079967,0.0832908816491237,-0.03889081177697386,2.141659632274322,1.1407057584658826,21.99054170249355,89.889853326762,0.5640151499940993,0.5850601425638677,0.18472906403940886,14.038587848932677,0.06814449917898194,2332.0,1163.0,99.0,0.03290317910517489,1247418.5978589891,1.0,0.0,-0.2547979063979775
0.01,0.1,0.5,100,50,60,0.3,10.0,0.16116066134984064,0.03139731387007649,0.07996398197645514,0.017474290743649108,-0.14139302232025786,0.5022165042569666,-0.341055842907126,0.08784081912570496,-0.05644350525562847,-0.32461968881054826,0.1832266664902904,0.0,0.0,0.2220570248435668,-0.3925316087274269,0.2580115036976171,0.38626609442060084,0.08774048509805264,-0.034424155829329395,2.548805714599331,1.2140725283921354,20.00429184549356,39.600512654796816,0.20407616728303046,0.03155592123742995,0.6945812807881774,5.077175697865353,0.48440065681444994,938.0,466.0,87.0,0.0352580925617368,1161160.6613498407,0.0,0.0,-0.341055842907126
0.01,0.1,0.5,100,50,60,1.0,10.0,0.16116066134984064,0.03139731387007649,0.07996398197645514,0.017474290743649108,-0.14139302232025786,0.5022165042569666,-0.341055842907126,0.08784081912570496,-0.05644350525562847,-0.32461968881054826,0.1832266664902904,0.0,0.0,0.2220570248435668,-0.3925316087274269,0.2580115036976171,0.38626609442060084,0.08774048509805264,-0.034424155829329395,2.548805714599331,1.2140725283921354,20.00429184549356,39.600512654796816,0.20407616728303046,0.03155592123742995,0.6945812807881774,5.077175697865353,0.48440065681444994,938.0,466.0,87.0,0.0352580925617368,1161160.6613498407,0.0,0.0,-0.341055842907126
0.01,0.1,1.0,100,30,20,0.3,10.0,0.11407933094402245,0.022602341536225534,0.1655197029754941,-0.04469352186349513,-0.24301288459775205,0.5022165042569666,-0.3881371733129442,0.08784081912570496,-0.06523847758947943,-0.32461968881054826,0.0816068042127962,0.0,0.0,0.09300881956789304,-0.37903544355697816,0.4059161873459326,0.34991119005328597,0.09868883306505823,-0.040234628759049304,2.4528331964007943,1.0881120083496074,21.738898756660745,87.56218606152441,0.5351068587955746,0.5608880345389311,0.2799671592775041,6.7151067323481115,0.17159277504105092,1126.0,563.0,89.0,0.03757041002592041,1114079.3309440224,1.0,0.0,-0.3881371733129442
0.01,0.1,1.0,100,30,20,1.0,10.0,0.11407933094402245,0.022602341536225534,0.1655197029754941,-0.04469352186349513,-0.24301288459775205,0.5022165042569666,-0.3881371733129442,0.08784081912570496,-0.06523847758947943,-0.32461968881054826,0.0816068042127962,0.0,0.0,0.09300881956789304,-0.37903544355697816,0.4059161873459326,0.34991119005328597,0.09868883306505823,-0.040234628759049304,2.4528331964007943,1.0881120083496074,21.738898756660745,87.56218606152441,0.5351068587955746,0.5608880345389311,0.2799671592775041,6.7151067323481115,0.17159277504105092,1126.0,563.0,89.0,0.03757041002592041,1114079.3309440224,1.0,0.0,-0.3881371733129442
0.01,0.1,1.0,100,30,60,0.3,10.0,0.3348080523548518,0.061570205552610835,0.10586030060101702,0.2982251644230409,-0.17662206075714326,0.5022165042569666,-0.16740845190211484,0.08784081912570496,-0.026270613573094126,-0.32461968881054826,0.147997628053405,0.0,0.0,0.3485986138349408,-0.20343297469460928,0.21939194741166804,0.42780748663101603,0.11205993047261904,-0.037170572767933,3.014748553169807,1.670649765723697,20.925133689839573,37.987860651389816,0.22423153966029086,0.0,0.7019704433497537,2.1001642036124797,0.5911330049261084,374.0,187.0,72.0,0.06898273158573592,1334808.0523548517,0.0,0.0,-0.16740845190211484
0.01,0.1,1.0,100,30,60,1.0,10.0,0.3348080523548518,0.061570205552610835,0.10586030060101702,0.2982251644230409,-0.17662206075714326,0.5022165042569666,-0.16740845190211484,0.08784081912570496,-0.026270613573094126,-0.32461968881054826,0.147997628053405,0.0,0.0,0.3485986138349408,-0.20343297469460928,0.21939194741166804,0.42780748663101603,0.11205993047261904,-0.037170572767933,3.014748553169807,1.670649765723697,20.925133689839573,37.987860651389816,0.22423153966029086,0.0,0.7019704433497537,2.1001642036124797,0.5911330049261084,374.0,187.0,72.0,0.06898273158573592,1334808.0523548517,0.0,0.0,-0.16740845190211484
0.01,0.1,1.0,100,50,20,0.3,10.0,0.11086418925226638,0.021991059514924194,0.16544277542392852,-0.04840912795710659,-0.24285887287032992,0.5022165042569666,-0.39135231500470025,0.08784081912570496,-0.06584975961078077,-0.32461968881054826,0.08176081594021833,0.0,0.0,0.09055077648600436,-0.38269027197354694,0.40427280197206245,0.35081967213114756,0.09682966292485685,-0.041485255373291105,2.3340741681247406,1.0856361014086189,21.211475409836066,87.24433576232127,0.5331722096778655,0.5647570725099738,0.28078817733990147,7.123973727422003,0.17159277504105092,1220.0,610.0,90.0,0.0378350908550043,1110864.1892522664,1.0,0.0,-0.39135231500470025
0.01,0.1,1.0,100,50,20,1.0,10.0,0.11086418925226638,0.021991059514924194,0.16544277542392852,-0.04840912795710659,-0.24285887287032992,0.5022165042569666,-0.39135231500470025,0.08784081912570496,-0.06584975961078077,-0.32461968881054826,0.08176081594021833,0.0,0.0,0.09055077648600436,-0.38269027197354694,0.40427280197206245,0.35081967213114756,0.09682966292485685,-0.041485255373291105,2.3340741681247406,1.0856361014086189,21.211475409836066,87.24433576232127,0.5331722096778655,0.5647570725099738,0.28078817733990147,7.123973727422003,0.17159277504105092,1220.0,610.0,90.0,0.0378350908550043,1110864.1892522664,1.0,0.0,-0.39135231500470025
0.01,0.1,1.0,100,50,60,0.3,10.0,0.3348080523548518,0.061570205552610835,0.10586030060101702,0.2982251644230409,-0.17662206075714326,0.5022165042569666,-0.16740845190211484,0.08784081912570496,-0.026270613573094126,-0.32461968881054826,0.147997628053405,0.0,0.0,0.3485986138349408,-0.20343297469460928,0.21939194741166804,0.42780748663101603,0.11205993047261904,-0.037170572767933,3.014748553169807,1.670649765723697,20.925133689839573,37.987860651389816,0.22423153966029086,0.0,0.7019704433497537,2.1001642036124797,0.5911330049261084,374.0,187.0,72.0,0.06898273158573592,1334808.0523548517,0.0,0.0,-0.16740845190211484
0.01,0.1,1.0,100,50,60,1.0,10.0,0.3348080523548518,0.061570205552610835,0.10586030060101702,0.2982251644230409,-0.17662206075714326,0.5022165042569666,-0.16740845190211484,0.08784081912570496,-0.026270613573094126,-0.32461968881054826,0.147997628053405,0.0,0.0,0.3485986138349408,-0.20343297469460928,0.21939194741166804,0.42780748663101603,0.11205993047261904,-0.037170572767933,3.014748553169807,1.670649765723697,20.925133689839573,37.987860651389816,0.22423153966029086,0.0,0.7019704433497537,2.1001642036124797,0.5911330049261084,374.0,187.0,72.0,0.06898273158573592,1334808.0523548517,0.0,0.0,-0.16740845190211484
