symbol,entry_trade_date,exit_trade_date,entry_price,exit_price,shares,entry_value,exit_net_value,realized_pnl,return_pct,holding_days,exit_reason,signal_close_adj,signal_sar,signal_rsi,signal_volume_ratio,signal_strength
300124.SZ,20210105,20210114,94.047,87.956,400,37630.08564,35136.66288,-2493.422759999994,-0.0662614160343429,9.0,sar_break,58.24381086848396,66.0830779597927,51.73926468607742,1.674811443639549,0.0
002304.SZ,20210105,20210114,245.12249999999997,215.59215,200,49039.20734999999,43062.376041,-5976.8313089999865,-0.1218786279790875,9.0,sar_break,180.37675330850303,224.59251129249543,48.336259794223665,1.9486651323424322,0.0
000858.SZ,20210105,20210115,297.3486,287.856,100,29743.780457999997,28748.17872,-995.6017379999976,-0.033472602428795,10.0,sar_break,248.4076448068997,288.1118181595944,55.73496891250686,1.5522604788625425,0.0
300014.SZ,20210105,20210115,93.0465,86.96649500000001,400,37229.76558,34741.3754226,-2488.3901573999974,-0.0668387275244293,10.0,sar_break,86.28820392839653,98.78110887425866,66.12461184643836,1.03704072864721,0.0
600809.SH,20210105,20210128,373.1865,356.131845,100,37329.84559499999,35566.88736015,-1762.9582348499898,-0.0472265075504658,23.0,sar_break,239.55661277814232,286.41203841794425,30.72721498888535,0.8096180904110597,0.0
601601.SH,20210105,20210129,38.11905,36.14192,800,30504.388572,28875.9484032,-1628.4401687999998,-0.0533837996770978,24.0,sar_break,30.21914722445696,36.170654124636435,41.70212765957448,0.9174343658103792,0.0
601899.SH,20210105,20210129,10.095045,9.89505,3400,34333.4499459,33599.433879000004,-734.0160668999961,-0.0213790361311374,24.0,sar_break,8.818596958698949,10.531299673818166,31.319910514541434,1.0817298628666656,0.0
600031.SH,20210105,20210129,34.527255,41.11943,1000,34537.613176499995,41065.974741,6528.361564500003,0.189021792882376,24.0,sar_break,36.29650675048378,43.97668929877742,49.97790543526291,0.7028852650275743,0.0
000725.SZ,20210105,20210201,5.852924999999999,6.246875,5900,34542.617177249995,36808.64896875,2266.031791500005,0.0656010452211023,27.0,sar_break,5.556898584905659,6.734817216981132,46.62379421221864,1.1553397180359015,0.0
603288.SH,20210105,20210201,200.1,194.89250500000003,100,20016.003,19463.914474350004,-552.0885256499969,-0.0275823562601382,27.0,sar_break,107.04762369305986,119.22656459813383,38.39811542991749,0.6865603445767249,0.0
600276.SH,20210105,20210201,111.2556,102.40877,400,44515.590672,40910.255439600005,-3605.3352323999934,-0.0809903941062995,27.0,sar_break,84.89739505939976,95.62411874124952,36.74402250351618,1.0396562152258553,0.0
002352.SZ,20210105,20210210,90.22509,117.04145,400,36100.8630108,46755.718446,10654.8554352,0.2951412943234203,36.0,signal_or_risk,,,,,
300059.SZ,20210105,20210223,31.695839999999997,33.543220000000005,1000,31705.348752,33499.61381400001,1794.2650620000131,0.0565918727478697,49.0,sar_break,19.186571346854706,23.145976792800933,39.15881073241482,1.498628723498799,0.0
600690.SH,20210105,20210223,29.71485,29.275355,1100,32696.1409005,32161.02674235,-535.1141581499978,-0.0163662788149354,49.0,sar_break,25.778869346617345,31.3939821480655,35.18518518518515,2.2372911978411802,0.0
000333.SZ,20210105,20210223,98.11903499999998,89.005475,600,58889.08242629999,53333.8607295,-5555.221696799985,-0.0943336433158451,49.0,sar_break,74.31645569620252,88.74587809807467,39.85389610389609,2.039198123618313,0.0
603501.SH,20210105,20210224,230.104995,293.853,100,23017.40264985,29347.09911,6329.696460149997,0.2749961216927856,50.0,sar_break,214.71550032701109,239.54654458251576,42.420262664165094,0.7362810372561612,0.0
603259.SH,20210105,20210224,137.04849,156.82155,300,41126.8813641,46985.304595500005,5858.423231400004,0.1424475437253521,50.0,sar_break,120.462850182704,146.32738988644846,39.477182100132914,1.1480571925454677,0.0
300015.SZ,20210105,20210225,67.543755,75.512225,400,27025.6072506,30165.623643,3140.016392399997,0.1161867100074239,51.0,sar_break,33.01788139298129,40.92027578975044,44.24259362772497,1.780497595512749,0.0
002415.SZ,20210105,20210225,49.52475,57.151410000000006,600,29723.764454999997,34246.26790020001,4522.503445200011,0.1521510995704064,51.0,sar_break,49.52721822189567,62.26682733284351,34.86766398158804,1.156930741333087,0.0
002594.SZ,20210105,20210225,206.103,215.66211500000003,100,20616.48309,21538.17542505,921.6923350500036,0.0447065743961475,51.0,sar_break,67.6751007968507,88.52261976570685,34.983442302793605,1.562524314646693,0.0
601012.SH,20210105,20210225,99.059505,106.9465,300,29726.76685545,32042.240865,2315.4740095499983,0.0778918885060481,51.0,sar_break,51.42929561757027,62.150325704002235,40.759999999999984,1.1453694537125456,0.0
000568.SZ,20210105,20210225,240.970425,247.97595,200,48208.54322549999,49530.716253000006,1322.1730275000157,0.0274261145232169,51.0,sar_break,215.14242259121733,285.3874992358134,49.02688277029226,1.5406054929774446,0.0
601888.SH,20210105,20210225,290.145,321.839,100,29023.20435,32142.06093,3118.8565799999997,0.1074607938664773,51.0,sar_break,295.6018203778794,379.3602105081528,56.971287278599185,1.2077063157995866,0.0
600887.SH,20210105,20210301,48.12405,43.5782,800,38510.789772,34817.23867200001,-3693.5510999999897,-0.0959095132005175,55.0,sar_break,35.999004255225564,43.18714416088491,46.265409717186365,0.6627280048687401,0.0
600438.SH,20210105,20210301,41.070525,48.125925,1100,45191.13077325,52869.69742725,7678.566654000002,0.1699131338962905,55.0,sar_break,40.47444996451384,47.81464395552402,58.287037037037,0.6223407478533679,0.0
600309.SH,20210105,20210305,93.8469,113.18338,400,37550.021627999995,45214.4966424,7664.475014400006,0.2041137310207252,59.0,sar_break,103.26915637610544,135.6627178495759,42.835435344172595,1.4924859206431922,0.0
002714.SZ,20210105,20210310,88.434195,108.195875,300,26538.21757755,32416.56610875,5878.348531200001,0.2215050243680566,64.0,sar_break,69.08170829975826,85.50362610797744,32.900749405958706,0.6508845302290882,0.0
002142.SZ,20210105,20210310,34.967475,37.731125,900,31480.16871825,33913.867083749996,2433.6983654999967,0.0773089365334026,64.0,sar_break,31.71363230881518,37.76158462411807,36.77922077922079,1.1291439709536712,0.0
601318.SH,20210407,20210414,79.409685,76.951505,1400,111206.9110677,107592.0552609,-3614.855806800013,-0.0325056758801562,7.0,sar_break,60.46011235955056,69.71550051072524,27.129750982961866,0.9777763478431963,0.0
000100.SZ,20210407,20210414,9.834915,8.85557,11900,117070.59914655,105244.2873321,-11826.311814450004,-0.1010186323523101,7.0,sar_break,7.428286154336396,8.732232195018325,33.23170731707317,0.928817858436353,0.0
600048.SH,20210407,20210426,14.2071,14.062965000000002,8100,115112.033253,113761.93347855,-1350.099774449991,-0.0117285720380132,19.0,sar_break,11.555788756388417,13.61815332197615,47.46835443037979,1.5342139882206904,0.0
000651.SZ,20210407,20210428,62.020995,58.47075,1800,111671.2823373,105110.528445,-6560.753892299996,-0.0587505915127169,21.0,sar_break,41.65447604504676,45.62020056675525,29.11963882618518,1.1258512293517204,0.0
600900.SH,20210407,20210510,21.120555,19.740125000000003,5500,116197.90141575,108429.54560625002,-7768.355809499975,-0.0668545276192657,33.0,sar_break,16.76392736553851,18.638840294579,18.749999999999616,1.1366196638909563,0.0
000661.SZ,20210407,20210525,451.68573,424.00789,200,90364.2471438,84691.33594860001,-5672.91119519998,-0.0627782709922041,48.0,sar_break,399.36798100356185,485.841279760045,32.41529327286503,3.9977505568903418,0.0
601328.SH,20210407,20210615,4.872434999999999,4.87756,24100,117460.91120504998,117396.3820452,-64.52915984998981,-0.0005493670974281,69.0,sar_break,3.5112042038731492,3.583155109690222,51.85185185185187,1.1328812500615935,0.0
600809.SH,20210407,20210624,366.183,429.785,300,109887.85647,128767.88385,18880.027380000018,0.1718117723513368,78.0,sar_break,286.43843584083993,331.9475929129631,45.5229759299781,1.9449724368049994,0.0
603288.SH,20210407,20210706,167.90391,120.9395,700,117567.9968211,84547.59505500001,-33020.40176609998,-0.2808621619737744,90.0,sar_break,86.026219141293,100.35563806222817,32.31456043956041,1.3892946887766568,0.0
300347.SZ,20210706,20210707,183.0915,156.9215,200,36629.28549,31343.500410000004,-5285.785079999998,-0.144304891817861,1.0,sar_break,156.99499840341434,202.7900482090982,41.47336769759448,3.2524314533299425,0.0
300015.SZ,20210706,20210707,68.83439999999999,63.898035,700,48198.53522399999,44670.47728815,-3528.0579358499963,-0.0731984472028775,1.0,sar_break,36.35979418949119,41.44018807876563,51.966474933875965,2.6308813314987405,0.0
300059.SZ,20210706,20210707,29.844914999999997,29.48525,1700,50751.57640665,50059.762597500005,-691.8138091499932,-0.0136313757745531,1.0,sar_break,20.60554144607389,23.23180513121409,55.84291187739465,0.8394340360486361,0.0
000858.SZ,20210706,20210712,279.989925,269.865,100,28007.392197750003,26951.41755,-1055.9746477500048,-0.0377034263059606,6.0,sar_break,231.62933736206247,280.0208222714405,32.92715336369022,1.1456032964719447,0.0
002352.SZ,20210706,20210712,65.51274,65.517225,700,45872.675675399994,45802.43682525,-70.23885014999541,-0.0015311696803346,6.0,sar_break,60.722491973785466,71.05922152352146,26.996805111821104,0.8666633148063396,0.0
002230.SZ,20210706,20210713,64.97246999999999,64.1679,800,51993.56939279999,51267.585384,-725.984008799991,-0.0139629576749259,7.0,sar_break,61.38938453638498,67.90203198356808,40.26726057906461,0.7531108350305686,0.0
600436.SH,20210706,20210713,461.21049,421.789,100,46134.8853147,42124.06743,-4010.8178846999945,-0.0869367693739995,7.0,sar_break,407.5571583705095,447.9522041559052,47.26695652841414,1.295429538777264,0.0
601919.SH,20210706,20210716,30.51525,21.659165,1800,54943.928235,38935.8145539,-16008.113681099996,-0.2913536435296706,10.0,sar_break,12.293282085561495,14.55389371657754,47.42309116562059,1.5429490504744374,0.0
002594.SZ,20210706,20210720,255.1275,219.89,200,51040.80765,43920.8286,-7119.979050000002,-0.1394958147767475,14.0,sar_break,72.52592145782405,88.37366265595735,35.862334907934056,0.9327425093125518,0.0
002475.SZ,20210706,20210723,46.073024999999994,41.089445000000005,1200,55304.21628899999,49243.2344658,-6060.981823199989,-0.1095934854501413,17.0,sar_break,40.4398435191676,48.929902844000026,41.771345039686764,1.2494719515162611,0.0
603259.SH,20210706,20210726,154.077,151.924,300,46236.966929999995,45517.949640000006,-719.0172899999889,-0.0155507019110604,20.0,sar_break,143.94955011590898,161.23284350320225,50.09422110552764,1.2771769037274587,0.0
600900.SH,20210706,20210726,20.11005,18.680655,2500,50290.2075375,46640.92537125001,-3649.282166249992,-0.0725644682124014,20.0,sar_break,16.51549730146492,18.197684311275356,32.471852567619436,1.0602614714375505,0.0
002812.SZ,20210706,20210728,233.146515,244.887495,200,46643.2917909,48913.8282513,2270.5364603999988,0.048678735424136,22.0,sar_break,233.9699863574352,264.2237380627558,49.23472511326068,0.7745673663466153,0.0
600309.SH,20210706,20210729,114.057,111.7441,300,34227.36513,33479.649801,-747.7153289999987,-0.0218455416056736,23.0,sar_break,99.49269613892912,120.46979651916268,35.667963683527844,1.170916027482955,0.0
300014.SZ,20210706,20210729,103.04149499999998,108.9455,400,41228.96297939999,43521.54834,2292.585360600009,0.0556061854319619,23.0,sar_break,101.43236519941236,127.73968986343108,38.51192475646626,1.0303324273782142,0.0
002415.SZ,20210706,20210729,61.0305,62.42877000000001,800,48839.04731999999,49878.0900792,1039.0427592000124,0.0212748367590396,23.0,sar_break,54.570252965256635,63.015223260207826,49.81862152357919,1.0691628599189487,0.0
601012.SH,20210706,20210729,84.18207,87.956,600,50524.3947726,52704.99432,2180.599547400001,0.043159340299165,23.0,sar_break,59.30668694395863,66.23169847666844,42.01038802322029,1.0896867022431536,0.0
300274.SZ,20210706,20210729,107.783865,136.25184,500,53908.100079749995,68037.356304,14129.256224250006,0.2620989462315982,23.0,sar_break,90.31014832082906,99.75069070475298,59.14580265095728,1.085054009188419,0.0
603501.SH,20210706,20210811,330.16499999999996,275.862,100,33026.40495,27550.33794,-5476.067009999995,-0.1658087526720039,36.0,sar_break,203.2323232323232,252.2127752343579,34.68549958252157,1.8203327025404223,0.0
300124.SZ,20210706,20210816,74.65731,73.753105,600,44807.8243158,44194.33557810001,-613.4887376999905,-0.0136915538093569,41.0,sar_break,72.21246169396889,86.87543520464645,45.89794897448724,1.1146590104230678,0.0
600438.SH,20210706,20210915,42.84141,52.47375,1200,51425.11490759999,62886.64095,11461.526042400008,0.2228779860384159,71.0,sar_break,45.043945272454856,54.40462660673449,46.440949080245275,1.3167184001005459,0.0
600837.SH,20210930,20211008,12.22611,12.243875,3300,40358.2668489,40352.26127625001,-6.005572649992246,-0.000148806505306,8.0,sar_break,11.347066635916116,13.141660370756227,27.82608695652179,0.562024417579368,0.0
601012.SH,20210930,20211012,81.14054999999999,78.47074500000001,500,40582.44608249999,39184.36651575001,-1398.0795667499842,-0.0344503523495806,12.0,sar_break,54.43558664740324,68.4035708311155,36.22816032887974,0.886583648822893,0.0
002241.SZ,20210930,20211013,42.43120499999999,39.480250000000005,900,38199.54092534999,35486.03310750001,-2713.5078178499825,-0.0710350897449985,13.0,sar_break,38.51093877960323,50.43099125900424,19.70289288506649,1.2798391075381594,0.0
002352.SZ,20210930,20211026,66.63329999999999,62.828570000000006,800,53322.631991999995,50197.51428720001,-3125.117704799988,-0.0586077166121291,26.0,sar_break,58.30286290429569,65.8213271776911,37.53298153034301,1.215460146977741,0.0
600030.SH,20210930,20211028,25.662825,24.597695,1600,41072.838156,39305.1487944,-1767.6893615999943,-0.0430379160769479,28.0,sar_break,21.26128398745547,24.32938982431568,41.35977337110492,1.1044435211711348,0.0
000333.SZ,20210930,20211029,70.30513499999999,67.396285,500,35163.113270249996,33654.334914750005,-1508.7783554999914,-0.0429079855331383,29.0,sar_break,57.09877672588023,63.28475694075098,40.40315512708152,0.872288224082616,0.0
601899.SH,20210930,20211103,10.005,10.224885,4100,41032.80614999999,41867.52986295,834.7237129500136,0.0203428376284719,34.0,sar_break,9.4324482014058,11.691441172416962,42.30769230769237,1.0365773134247942,0.0
601888.SH,20210930,20211103,262.131,224.76756,100,26220.96393,22447.5362172,-3773.427712799996,-0.1439088098695994,34.0,sar_break,210.16982141316535,263.4383659736002,22.89829512051729,4.301210064000613,0.0
601398.SH,20210930,20211104,4.682339999999999,4.63768,8300,38875.08102659999,38442.7034328,-432.377593799989,-0.0111222300348168,35.0,sar_break,3.6633046264770672,3.813310634888844,40.000000000000036,1.115440393555004,0.0
603259.SH,20210930,20211105,149.58475499999997,126.886525,400,59851.85217059999,50688.629007,-9163.223163599983,-0.1530984060022303,36.0,sar_break,118.23492593611252,148.51106832737418,22.993119266055075,2.1675271514449443,0.0
600690.SH,20210930,20211108,25.77288,26.06696,1600,41248.9789824,41652.9167232,403.9377407999927,0.0097926724676589,39.0,sar_break,23.288392538854342,26.21051023384367,52.525252525252505,0.9276788383307825,0.0
600900.SH,20210930,20211109,22.2111,20.539725,1700,37770.197661,34872.13970775,-2898.057953249998,-0.0767286943865379,40.0,sar_break,17.88666152659985,19.785196607555903,31.538461538461576,0.8315418352875358,0.0
600887.SH,20210930,20211123,37.958969999999994,39.98,1100,41767.39346009999,43920.82860000001,2153.435139900015,0.0515578052998967,54.0,sar_break,34.220293467623996,37.63977096550738,33.955659276546044,1.287482643032749,0.0
600036.SH,20210930,20211129,51.4257,49.75511,700,36008.789397,34783.2998499,-1225.4895470999982,-0.0340330671378276,60.0,sar_break,41.13366877106375,46.16659071850129,43.023255813953554,1.8403109913117455,0.0
300015.SZ,20210930,20211130,52.606289999999994,43.368305,1500,78933.1078305,64967.88930525,-13965.218525249998,-0.1769247266335786,61.0,sar_break,24.926040899182812,31.703722137469928,32.877697841726615,2.0567842983471145,0.0
002142.SZ,20210930,20211202,35.83791,37.08145,1000,35848.661373,37033.244115,1184.5827419999987,0.0330439881610805,63.0,signal_or_risk,,,,,
601328.SH,20210930,20211202,4.50225,4.577710000000001,9100,40982.7661425,41603.00669070001,620.2405482000104,0.015134179719431,63.0,sar_break,3.5447028993495753,3.629467533899239,39.285714285714235,1.0785003115706189,0.0
002714.SZ,20210930,20211203,50.915445,51.974,700,35651.50374345,36334.50366,682.9999165500049,0.0191576748477401,64.0,sar_break,48.498799355358585,56.72428485092667,11.151960784313815,1.016457345331976,0.0
603288.SH,20210930,20211206,109.79487,111.944,400,43931.123384399994,44719.38912,788.2657356000054,0.0179432182669819,67.0,sar_break,79.20944899060035,88.33397986939207,15.425888665325417,1.319722107883918,0.0
002812.SZ,20210930,20211207,267.55371,238.290795,100,26763.397611300003,23798.10169665,-2965.2959146500034,-0.1107966917248952,68.0,sar_break,227.47612551159617,304.63847203274213,32.21902707884021,1.3394727941393052,0.0
600406.SH,20211230,20220105,40.110045,38.60069,900,36109.87021215,34695.458192699996,-1414.4120194500065,-0.0391696788479205,6.0,sar_break,24.81106287548745,30.68213846162708,29.07662082514733,0.9978568666977133,0.0
300142.SZ,20211230,20220105,56.978475,54.63267,700,39896.89797975,38193.1532703,-1703.744709450002,-0.04270368865055,6.0,left_universe,54.93431909532041,72.63737218068601,32.14880621876732,0.8434118283023355,0.0
002594.SZ,20211230,20220106,268.13399999999996,249.875,100,26821.444019999995,24955.01625,-1866.4277699999948,-0.0695871470830672,7.0,sar_break,82.01060351122257,107.93885520175245,23.07588985896585,1.8667491386146056,0.0
000568.SZ,20210930,20220107,209.1045,239.86001,100,20916.723135,23954.8191987,3038.096063699999,0.1452472284540758,99.0,sar_break,213.03497050904133,239.98268260073309,38.28272555571697,0.9540471966453175,0.0
002142.SZ,20211230,20220111,37.428704999999994,38.5807,1100,41183.92697264999,42383.599598999994,1199.6726263500022,0.02912963174072,12.0,sar_break,34.98947368421053,36.19352850539292,46.856287425149716,2.111107466700858,0.0
603501.SH,20211230,20220111,302.151,273.36325,100,30224.16453,27300.7877775,-2923.3767525000003,-0.0967231616807242,12.0,sar_break,200.16190683816583,235.32548506649223,41.293786755305554,1.1131644740502964,0.0
300059.SZ,20210930,20220112,33.966975,33.583200000000005,1200,40772.59811099999,40247.450208,-525.14790299999,-0.0128799224805424,104.0,sar_break,22.90266503490409,26.98263081208012,21.43808255659107,0.7568510027845612,0.0
600276.SH,20210930,20220114,49.964969999999994,46.9765,800,39983.96759279999,37532.34444,-2451.6231527999917,-0.0613151545581349,106.0,sar_break,46.72808971533812,54.66044866870007,39.26585094549501,2.5016283437749878,0.0
000858.SZ,20211230,20220114,225.18253499999997,206.906495,100,22525.00897605,20663.75165565,-1861.2573203999964,-0.0826307027171,15.0,sar_break,181.036248783803,222.90250622155077,22.976350701788178,1.207021331625809,0.0
002475.SZ,20211230,20220114,47.0235,44.7776,1000,47037.60705,44719.38912,-2318.217929999999,-0.0492843508713311,15.0,sar_break,44.42604267448395,50.26332694123714,38.90243902439025,0.7405004780964803,0.0
002241.SZ,20211230,20220117,53.0265,48.295840000000005,800,42433.92636,38586.44432640001,-3847.4820335999902,-0.0906699512309751,18.0,sar_break,46.63780856717865,56.39584343088264,33.37182448036954,0.8094047510955444,0.0
600809.SH,20210930,20220118,316.56820500000003,278.52067000000005,100,31666.317546150003,27815.859312900007,-3850.458233249996,-0.1215947584571018,110.0,sar_break,258.1960105589692,325.3766956988606,20.419363917815943,0.7117495652001757,0.0
600887.SH,20211230,20220118,41.170575,38.9805,1000,41182.9261725,38929.82535,-2253.100822499997,-0.0547095855467528,19.0,sar_break,33.310134034107776,37.35906758881546,33.41260404280611,0.8056137880122247,0.0
600309.SH,20211230,20220121,101.940945,95.1524,400,40788.6109134,38011.480752,-2777.1301613999967,-0.0680859215160878,22.0,sar_break,87.12580428077834,101.96973065005908,36.55378486055778,1.0659600100342554,0.0
002415.SZ,20211230,20220128,52.015995,48.205885,800,41625.279838799994,38514.5738796,-3110.7059591999932,-0.0747311722887307,29.0,sar_break,43.146283614988974,49.69471397081978,41.49377593360997,1.192464418363832,0.0
600690.SH,20211230,20220209,29.184585,27.24637,1400,40870.67652569999,38095.3296066,-2775.3469190999895,-0.0679055781558892,41.0,sar_break,24.13846314103306,27.892941633989043,29.000000000000014,0.866061254284653,0.0
002352.SZ,20211230,20220211,68.33415,62.618675,600,41012.790147,37522.3624335,-3490.427713500001,-0.0851058340822324,43.0,sar_break,58.06182705829288,67.3695189577861,40.16393442622949,1.4162652198795418,0.0
000333.SZ,20211230,20220221,74.03699999999999,72.7636,600,44435.52666,43601.404392,-834.1222679999992,-0.0187715175378096,53.0,sar_break,61.189235187745986,67.79431975321774,38.6414253897551,0.5987196083526665,0.0
000651.SZ,20211230,20220301,36.91845,36.681650000000005,1100,40622.4780885,40297.360240500006,-325.1178479999944,-0.0080033977073405,61.0,sar_break,28.111851938860912,31.4299220344458,36.038961038961034,1.2851864300792097,0.0
601166.SH,20211230,20220308,18.94947,21.139425,2200,41701.3406502,46446.2762445,4744.935594299997,0.1137837661887553,68.0,sar_break,16.937286158631412,18.429418210094724,42.65129682997116,1.1690288087150233,0.0
601318.SH,20211230,20220308,50.92545,48.69564,800,40752.582108,38905.8685344,-1846.7135735999984,-0.0453152531220218,68.0,sar_break,39.95840143003064,45.96687627681307,25.000000000000114,1.1281584967664506,0.0
600048.SH,20211230,20220310,15.017504999999998,16.3918,3000,45066.03075449999,49111.47198,4045.4412255000134,0.0897669743212533,70.0,sar_break,14.13286087450312,15.343999999999998,58.968058968058905,1.7277743142968314,0.0
601919.SH,20211230,20220310,19.379685,16.861565000000002,2300,44586.64748265,38731.183420650006,-5855.464061999992,-0.1313277492836511,70.0,sar_break,9.319100935828876,11.318883689839572,47.93103448275855,1.0693438660790848,0.0
600900.SH,20211230,20220314,22.181085,22.408790000000003,2100,46594.25258355,46997.28300330001,403.03041975000815,0.0086497882765115,74.0,sar_break,19.86430223592907,21.22667694680031,42.574257425742594,1.1809211527733845,0.0
600438.SH,20220401,20220411,42.731355,40.5797,2100,89762.76625365,85106.587419,-4656.178834649996,-0.0518720515084467,10.0,sar_break,35.42324501222301,40.30293352259286,35.17940717628707,0.6462531934341079,0.0
300274.SZ,20220401,20220412,106.2531,97.361295,800,85027.980744,77787.78025319999,-7240.200490800009,-0.0851507989187537,11.0,sar_break,66.56721875540806,90.33086640945508,16.441684665226788,1.1122255230850435,0.0
601012.SH,20220401,20220412,71.0355,66.94651,1200,85268.17278000001,80231.37544440001,-5036.7973356,-0.0590700746994475,11.0,sar_break,45.67176944719032,58.002175753428126,16.34963768115942,0.9186113497029862,0.0
300750.SZ,20220401,20220418,508.254,441.779,100,50840.64762,44120.46873,-6720.178889999996,-0.1321812212194632,17.0,sar_break,235.83590705428784,279.84786912576845,31.043593130779385,1.5261186278155436,0.0
600048.SH,20220401,20220510,17.538765,15.95202,5200,91228.9384734,82842.6683448,-8386.270128600008,-0.0919255476270309,39.0,sar_break,14.176427030096535,17.32190346394094,33.33333333333337,0.6884734276688683,0.0
601328.SH,20220401,20220510,5.092544999999999,4.857570000000001,18000,91693.30974299998,87322.592862,-4370.716880999971,-0.0476666933852678,39.0,sar_break,3.75276154778966,4.022467203174953,30.000000000000014,0.5713821483595338,0.0
603259.SH,20220401,20220510,110.105025,91.91402,1200,132165.667809,110153.4381288,-22012.22968020001,-0.1665502852980784,39.0,sar_break,87.51945699579584,112.14043848964675,34.351897486446575,0.5614402398195282,0.0
601668.SH,20220401,20220531,5.4027,5.507245,16900,91333.021689,92951.44632735,1618.4246383499994,0.017720038255834,60.0,sar_break,4.586632975363234,5.317835333754476,30.597014925373173,0.9694932691220214,0.0
601288.SH,20220401,20220704,3.0715349999999995,3.008495,29600,90944.7112308,88935.68511240001,-2009.0261183999828,-0.0220906316729234,94.0,left_universe,2.3459425717852684,2.3090602120991943,53.846153846153854,0.5797418604682945,0.6502818783545218
600887.SH,20220704,20220711,37.688835,36.321830000000006,700,26390.09915535,25392.228134700003,-997.8710206499964,-0.0378123255534528,7.0,sar_break,31.71254071052371,34.155994590255865,37.171052631579016,0.8957245501392173,0.0
601398.SH,20220704,20220715,4.772384999999999,4.35782,6300,30075.04530764999,27418.575454200003,-2656.4698534499876,-0.0883280416131003,11.0,sar_break,3.67244542359303,3.836995794111757,37.35452038891307,1.6387231425540612,0.0
600030.SH,20220704,20220715,21.350669999999997,19.99,1400,29899.905281399995,27949.618200000004,-1950.2870813999907,-0.0652271993186954,11.0,sar_break,18.299193130956365,20.794537648814053,20.074349442379315,0.5463899835547535,0.0
000002.SZ,20220401,20220718,18.959475,17.73113,4700,89136.26535974999,83227.9737957,-5908.291564049985,-0.0662838132179353,108.0,sar_break,15.780752982873244,19.61398923523973,41.555977229601524,1.454230398610173,0.0
002812.SZ,20220704,20220721,246.633255,221.889,100,24670.72449765,22160.05443,-2510.6700676500004,-0.1017671802824093,17.0,sar_break,212.46133697135065,254.78911323328785,28.972796194440377,0.954542191519738,0.0
002466.SZ,20220704,20220722,134.06699999999998,117.06144,200,26821.444019999995,23381.8520256,-3439.5919943999943,-0.1282403733309507,18.0,sar_break,106.0171204375223,136.96490072524074,35.88013806087227,1.097892515136443,0.0
600438.SH,20220704,20220722,61.0305,55.63217,500,30524.404575,27779.924089500004,-2744.4804854999966,-0.0899110244315059,18.0,sar_break,49.22077123255265,60.04173172462741,40.21369596891697,0.9980122814239356,0.0
300124.SZ,20220704,20220725,64.39218,61.969,400,25764.5990616,24755.37612,-1009.2229415999972,-0.0391709158441421,21.0,sar_break,60.74909750188522,68.75890705472749,34.439834024896314,0.6868575692047093,0.0
000333.SZ,20220704,20220725,57.568769999999994,55.07245,500,28793.0203155,27500.4279075,-1292.5924079999968,-0.0448925605523975,21.0,sar_break,47.64289774137503,53.17774155231712,23.763440860215113,0.5937709832814134,0.0
600031.SH,20220704,20220726,20.180085,17.821085,1300,26241.98073315,23137.29286635,-3104.687866799999,-0.1183099667045339,22.0,sar_break,16.81961139509998,19.22510825755118,35.32710280373833,0.5129045611004727,0.0
002129.SZ,20220704,20220727,58.439204999999994,53.47325,400,23382.6947046,21361.49391,-2021.2007945999976,-0.0864400284113692,23.0,sar_break,41.341774639685546,48.04542873780754,30.467289719626194,0.5965951862033373,0.0
002460.SZ,20220704,20220727,104.052,93.7531,200,20816.643119999997,18726.244194,-2090.398925999998,-0.1004195976243454,23.0,sar_break,89.24102974051331,111.1920965505532,12.638580931263846,0.8125472817383993,0.0
603799.SH,20220704,20220728,95.94795,87.956,300,28793.0203155,26352.49716,-2440.5231555000028,-0.0847609291681778,24.0,sar_break,82.6244890625,96.60912734375,39.453717754173,0.5693983038651078,0.0
601318.SH,20220704,20220728,46.2231,42.87855,700,32365.876851,29975.965519500005,-2389.911331499996,-0.0738404629821161,24.0,sar_break,36.124550561797754,40.14307967313585,27.228525121555876,0.7984450338156772,0.0
600276.SH,20220704,20220729,39.0195,36.10194,700,27321.844095,25238.5052346,-2083.3388603999992,-0.0762517659187308,25.0,sar_break,35.66692643998608,41.09106566867094,38.11931243680482,0.7091368736809126,0.0
300015.SZ,20220704,20220729,43.68182999999999,30.654665000000005,700,30586.454184299997,21430.36975485001,-9156.084429449991,-0.2993509602087123,25.0,sar_break,22.978852328208458,26.26781535752392,35.78944396277711,2.8964019646555204,0.0
000858.SZ,20220704,20220729,201.090495,186.396755,100,20115.08221485,18615.44392185,-1499.638293,-0.0745529288412696,25.0,sar_break,164.65162073230954,180.38468496218175,39.5661929693344,0.549894081602909,0.0
002352.SZ,20220704,20220801,55.92795,49.81508000000001,500,27972.364192499997,24875.160198000005,-3097.2039944999924,-0.1107237119174367,28.0,sar_break,46.36869537530845,53.2998105548038,36.75298804780878,1.2613031269490662,0.0
601888.SH,20220704,20220802,219.9099,206.8965,100,21997.587297,20662.753455,-1334.8338419999964,-0.0606809203199315,29.0,sar_break,201.0702527823311,224.2389785178156,58.206753935229074,0.6291173058201412,0.0
002142.SZ,20220704,20220802,35.67782999999999,29.32533,900,32119.680014099995,26358.486363900003,-5761.193650199992,-0.1793664708885931,29.0,sar_break,27.020953693942097,32.77904468412943,20.868347338935607,2.3807501180314543,0.0
601012.SH,20220704,20220803,62.73135,59.560205,400,25100.067762,23793.1106934,-1306.9570686000006,-0.0520698621610358,30.0,sar_break,58.08019937647327,66.277119610676,40.66037735849052,1.213572281627204,0.0
000568.SZ,20220704,20220803,245.68278,220.8895,100,24575.648483399997,22060.234365,-2515.4141183999964,-0.1023539264934991,30.0,sar_break,193.18108059976024,221.63567914262248,27.841475573280277,1.3289341092304543,0.0
600900.SH,20220704,20220804,24.362175,23.538225,1000,24369.4836525,23507.6253075,-861.8583449999969,-0.0353662948829685,31.0,sar_break,21.303085635285672,22.239185388030737,36.86190568521583,0.7738221100463869,0.0
300014.SZ,20220704,20220805,94.14705,95.762095,300,28252.5882345,28691.28128295,438.6930484500008,0.0155275348512778,32.0,sar_break,92.95462799934704,106.54660210022308,41.16715077898066,0.7658458423886757,0.0
300498.SZ,20220704,20220810,22.51125,22.248870000000004,1200,27021.60405,26663.935762800003,-357.6682871999983,-0.0132363825085357,37.0,sar_break,20.951577877373744,24.718153675553296,36.991869918699145,1.4439467373281791,0.0
000651.SZ,20220704,20220825,33.476729999999996,30.114935,900,30138.095717099997,27068.20702605,-3069.888691049997,-0.1018607386434232,52.0,sar_break,25.18065761940547,28.194273983317693,47.169956821413436,0.8825195102180925,0.0
002475.SZ,20220704,20220919,33.516749999999995,33.7831,800,26821.444019999995,26991.345576,169.90155600000435,0.0063345417149544,77.0,sar_break,33.58683168316831,39.50235908903939,26.652892561983464,0.6774630227732337,0.0
601318.SH,20220927,20221013,42.451215,41.7791,2500,106159.87591125,104311.967925,-1847.907986249993,-0.0174068401115582,16.0,sar_break,35.39007150153218,38.496833503575075,24.476650563607095,0.9013258226234034,0.0
600690.SH,20220927,20221020,24.712349999999997,23.238375,4300,106294.98393149998,99795.10998375,-6499.873947749977,-0.0611493948946707,23.0,sar_break,21.217873230894583,24.44883818906569,40.03795066413662,1.2938180913710537,0.0
600809.SH,20220927,20221020,298.439145,258.86050500000005,300,89558.60302305,77557.19590305,-12001.407120000003,-0.1340061894099795,23.0,sar_break,244.07168466264991,292.7280163156953,29.01547116736991,1.5601559273191496,0.0
600048.SH,20220704,20221025,17.44872,16.261865,1600,27926.3273856,25985.1593208,-1941.1680648,-0.0695103240034688,113.0,sar_break,14.649814120764717,17.184664963089155,34.075723830734944,1.2162741755155884,0.0
601088.SH,20220927,20221025,30.915449999999996,30.20489,3400,105144.06375899998,102563.1203862,-2580.943372799986,-0.0245467340763597,28.0,sar_break,24.05009497206704,26.870039106145253,45.51386623164765,1.389227452379539,0.0
000002.SZ,20220927,20221025,17.388689999999997,15.49225,6600,114799.78360619998,102115.926495,-12683.857111199975,-0.1104867684656067,28.0,sar_break,14.79953779773698,17.852655813851097,26.712328767123324,1.2454617110034347,0.0
600309.SH,20220927,20221026,87.34365,83.33831,1300,113580.8090235,108198.9612561,-5381.847767399988,-0.0473834251901346,29.0,sar_break,78.78403732424006,90.72901831256196,42.84572342126298,1.704325128286148,0.0
601668.SH,20220927,20221027,5.12256,4.887555,20800,106581.2127744,101528.9845128,-5052.228261600001,-0.0474026156213293,30.0,sar_break,4.255504737839545,4.708032849020847,44.3396226415094,1.6499526789997347,0.0
002475.SZ,20221227,20230105,32.226105,29.04547,900,29012.19554835,26106.9398001,-2905.255748249998,-0.1001391205780435,9.0,sar_break,27.877659884478796,33.85214603525888,30.6372549019608,3.970620900804374,0.0
601668.SH,20221227,20230120,5.4227099999999995,5.3773100000000005,4400,23867.0819772,23629.4057868,-237.67619039999772,-0.0099583263101474,24.0,sar_break,4.690627921667719,5.3694200884396714,55.07246376811587,1.094851553658653,0.0
601816.SH,20221227,20230131,4.912455,4.897550000000001,4900,24078.250808849996,23966.797606500004,-111.45320234999237,-0.0046287914863411,35.0,sar_break,4.661634241245136,5.0888715953307395,54.23728813559324,1.530311009759471,0.0
601288.SH,20221227,20230202,2.86143,2.91854,8500,24329.4516465,24775.340133,445.8884865000037,0.0183271079422025,37.0,left_universe,2.450258605314785,2.3482225294781642,45.454545454545105,0.8702955739146426,0.696120466482374
601888.SH,20221227,20230202,220.61025,213.47321,100,22067.6433075,21319.569482700004,-748.0738247999943,-0.0338991261720163,37.0,sar_break,202.16250970580623,227.93977309981884,36.68639053254434,1.4203714433170718,0.0
002352.SZ,20221227,20230207,57.718844999999995,56.971500000000006,600,34641.69639209999,34138.462230000005,-503.23416209998686,-0.0145268336863188,42.0,sar_break,53.03000875587041,57.374748069728575,39.64497041420111,1.0101648515789896,0.0
600036.SH,20221227,20230213,36.468225,37.88105,1100,40127.08201425001,41614.9850985,1487.9030842499924,0.0370797728008631,48.0,sar_break,32.69270043195519,36.522269900792715,31.695721077654483,0.7366479130419854,0.0
002142.SZ,20221227,20230214,31.005494999999996,30.534725,800,24811.837318799997,24396.023886000003,-415.8134327999942,-0.0167586715750764,49.0,sar_break,27.887594680074606,31.801162922715104,17.964071856287475,2.3448769881223073,0.0
601318.SH,20221227,20230214,45.292635,49.27535,600,27183.7336743,29526.775227,2343.041552700004,0.0861927791367069,49.0,sar_break,42.5152259959142,46.27037793667008,33.71924746743862,0.6886194123228425,0.0
601166.SH,20221227,20230214,17.32866,16.991500000000002,1600,27734.1737568,27151.05768,-583.1160767999972,-0.0210251829354399,49.0,sar_break,14.15665294076064,15.42615810123003,8.609271523179473,1.5844484497835207,0.0
000001.SZ,20221227,20230216,12.876435,13.67316,2100,27048.625654049996,28676.308273200004,1627.6826191500077,0.0601761671727041,51.0,sar_break,11.57315201286378,13.325633700254276,20.66115702479361,1.1681844738006295,0.0
600887.SH,20221227,20230216,30.895439999999997,31.14442,900,27814.2377688,27993.5390286,179.3012598000023,0.0064463840889837,51.0,sar_break,27.209604275017316,29.495978976766686,35.844748858447474,0.9971774019657458,0.0
300059.SZ,20221227,20230220,19.26963,21.139425,1400,26985.5752446,29556.7212465,2571.146001900001,0.0952785322749236,55.0,sar_break,17.292099413130124,19.87559684334957,32.30490018148825,0.8769484801345357,0.0
300498.SZ,20221227,20230221,19.409699999999997,19.55022,1700,33006.388947,33192.168013799994,185.77906679999433,0.0056285789729469,56.0,sar_break,18.44943122487641,20.229971815367556,41.75000000000011,1.157828997222422,0.0
300015.SZ,20221227,20230228,29.964975,31.04447,1000,29973.9644925,31004.112189,1030.1476965000002,0.0343680828993362,63.0,sar_break,23.217904107955743,26.064114360571946,38.3116883116883,1.0933196028950134,0.0
000858.SZ,20221227,20230228,180.09,206.8965,100,18014.4027,20662.753455,2648.350755000003,0.1470129650759946,63.0,sar_break,180.21749915660703,193.48677256748363,51.64065626250496,0.8695741253453081,0.0
600690.SH,20221227,20230307,24.422205,25.20739,1100,26872.48482765,27692.0824323,819.5976046500036,0.0304995094389891,70.0,sar_break,22.788230501067133,25.134741364543356,34.98023715415016,1.5030046229336251,0.0
601899.SH,20221227,20230309,9.88494,11.69415,2400,23730.9731568,28029.474252000004,4298.501095200005,0.1811346322292851,72.0,sar_break,10.964160426333445,11.584773280654204,56.93950177935947,1.0439538488481135,0.0
600309.SH,20221227,20230310,91.32564,98.65065,200,18270.607538399996,19704.480831,1433.8732926000048,0.0784797817799097,73.0,sar_break,93.49353602944848,101.9003117487177,44.78908188585609,1.1376130229553132,0.0
603288.SH,20221227,20230310,80.50022999999999,74.86255000000001,300,24157.314020699996,22429.568605500004,-1727.7454151999918,-0.0715205926337471,73.0,sar_break,59.24812753210683,67.73915139273049,37.93103448275874,1.2812921028652935,0.0
002415.SZ,20221227,20230314,34.99748999999999,39.180400000000006,1100,38508.78817169999,43042.412028000006,4533.623856300015,0.117729590349243,77.0,sar_break,36.07797417865015,37.421351947097726,52.571428571428584,1.1682271074348252,0.0
600900.SH,20221227,20230328,20.480234999999997,20.36981,1100,22535.016977549996,22377.6621717,-157.3548058499946,-0.006982679711613,91.0,sar_break,18.4675213357084,19.848950097040916,28.7958115183245,2.0079422221155294,0.0
600048.SH,20221227,20230329,15.187589999999998,13.993,1600,24307.434043199995,22359.69456,-1947.7394831999952,-0.0801293744020206,92.0,sar_break,12.602087639598713,16.201395419269353,33.33333333333333,0.8636646885451205,0.0
000063.SZ,20230329,20230331,34.89744,32.10394,2100,73306.6093872,67330.6302438,-5975.979143400007,-0.0815203321140572,2.0,sar_break,29.868100903218263,34.981595393294555,47.76987718164189,1.7371832409444183,0.0
002129.SZ,20230329,20230417,47.4237,45.397290000000005,1400,66413.097954,63473.582932200006,-2939.515021799991,-0.0442610736791107,19.0,sar_break,35.43360023293056,38.8085965933906,52.9698942229455,1.205545717748972,0.0
000725.SZ,20221227,20230420,3.4217099999999996,4.267865,7000,23959.155591,29836.217428499996,5877.061837499998,0.2452950320047027,114.0,sar_break,4.1219284345518865,4.382565595518868,41.17647058823535,0.8159021767628281,0.0
002415.SZ,20230329,20230421,42.471225,41.3793,1600,67974.34618800001,66120.811056,-1853.5351320000043,-0.0272681568260118,23.0,sar_break,38.29546761834785,44.93874671984886,50.06906077348064,1.784646004856117,0.0
600050.SH,20230329,20230425,5.512754999999999,5.477260000000001,12800,70584.43297919999,70017.78639360002,-566.6465855999704,-0.0080279257292744,27.0,sar_break,5.024945418997448,5.914397436593711,47.82608695652178,0.6335852073640627,0.0
002714.SZ,20230329,20230425,48.524249999999995,47.17640000000001,1500,72808.21091249998,70672.60602,-2135.6048924999777,-0.0293319237725333,27.0,sar_break,44.15016055600322,48.199435636583395,24.19354838709677,0.841843455200461,0.0
000651.SZ,20221227,20230504,32.48623499999999,35.982,900,29246.382783449997,32341.70106,3095.3182765500023,0.1058359353178399,128.0,sar_break,33.90361080670301,36.73034805749064,57.80176643768405,1.464458687954804,0.0
300760.SZ,20230329,20230509,310.385115,299.85,200,62095.64610689999,59892.039,-2203.607106899988,-0.0354873045866435,41.0,sar_break,278.53286637931035,326.49964080459773,38.67679762787249,1.8978675738310327,0.0
601328.SH,20221227,20230516,4.66233,5.897050000000001,5200,24251.389234799997,30624.795942000004,6373.406707200007,0.2628058395126644,140.0,sar_break,4.8894572446992255,5.378402969169147,62.025316455696235,1.0247428744148823,0.0
601668.SH,20230329,20230522,5.892944999999999,6.186905,12800,75452.3249088,79089.43390080001,3637.1089920000086,0.0482040678852006,54.0,sar_break,5.378122552116234,6.396310802274162,51.24378109452734,0.7385751463954932,0.0
601398.SH,20221227,20230524,4.272135,4.947525000000001,6400,27349.8664992,31622.996592000003,4273.1300928000055,0.1562395228848739,148.0,sar_break,4.143056278790305,4.5968596034448215,57.553956834532336,0.9396329089901865,0.0
600276.SH,20230329,20230601,43.371675,45.537220000000005,1600,69415.498404,72764.83458240001,3349.3361784000153,0.0482505529083259,64.0,sar_break,45.00355953854198,49.696576175382255,46.33943427620631,2.4685446971108895,0.0
601816.SH,20230329,20230616,5.172585,5.3973,14500,75024.98324475,78159.110895,3134.1276502500114,0.0417744531848239,79.0,sar_break,5.137344821196961,5.5825680933852135,47.582379054916125,1.9410527024280164,0.0
600887.SH,20230629,20230630,28.564275,28.215885000000004,1500,42859.26642375,42268.80652425001,-590.4598994999906,-0.0137767150203204,1.0,sar_break,25.52361749150604,27.052525097034536,44.019084408471564,1.1601561563209346,0.0
600900.SH,20230629,20230707,22.49124,21.94902,1900,42746.17600679999,41648.9239206,-1097.252086199995,-0.0256690115631734,8.0,sar_break,19.99202403424348,21.203113817031348,41.610738255033446,0.842209986813895,0.0
601166.SH,20230629,20230711,15.697845,15.49225,3700,58099.45110795,57246.8072775,-852.643830449997,-0.0146755918376193,12.0,sar_break,13.882415523822988,14.983501696592676,33.868315805065876,0.7782084983346235,0.0
002230.SZ,20230629,20230721,70.205085,63.73811500000001,600,42135.6879153,38193.153270300005,-3942.534644999993,-0.0935675870042793,22.0,sar_break,63.758692781690144,81.50073356807512,42.229778477486555,0.933806194877531,0.0
002129.SZ,20230629,20230724,31.715849999999996,28.655665000000003,1800,57105.65655899999,51513.14274390001,-5592.513815099977,-0.0979327469831635,25.0,sar_break,27.915264230601252,32.58071407774057,26.25850340136057,1.268885299336699,0.0
000063.SZ,20230629,20230808,42.57127499999999,37.72113,1000,42584.0463825,37672.092531,-4911.953851499995,-0.1153472783534862,40.0,sar_break,35.18486744029698,44.758981029493434,25.162866449511412,3.054316825903973,0.0
000333.SZ,20230629,20230809,59.74986,57.161405,900,53791.0064622,51378.38565615001,-2412.620806049992,-0.044851750594133,41.0,sar_break,51.75938729922349,55.6640428323228,43.084455324357414,0.7012799740900986,0.0
000725.SZ,20230629,20230814,3.991995,3.928035,11200,44723.757103200005,43936.79981040001,-786.957292799998,-0.0175959566854836,46.0,sar_break,3.8817806603773586,4.3424970518867925,31.666666666666657,1.3506159738823287,0.0
000858.SZ,20230629,20230815,166.083,168.525695,300,49839.84747,50491.98347895,652.1360089500013,0.0130846309138995,47.0,sar_break,151.8174408769331,169.77947352724036,23.89635316698663,1.1977997952149548,0.0
002475.SZ,20230629,20230815,30.225105,32.9835,1600,48374.6760504,52704.99432,4330.3182696,0.0895162226014368,47.0,sar_break,32.131548760493374,35.12259615663146,53.695324283559586,1.2356057853406475,0.0
002594.SZ,20230629,20230815,260.38012499999996,245.69709,100,26045.82390375,24537.7683783,-1508.0555254499995,-0.0579000891284101,47.0,sar_break,79.99158703450901,90.00111114638558,28.431792875627266,2.36193317663284,0.0
601012.SH,20230629,20230817,29.364675,27.696145,1500,44060.226603749994,41490.21001725,-2570.0165864999944,-0.0583296270718966,49.0,sar_break,27.60502876840798,30.934626010696263,44.802342606149445,0.7347945899816732,0.0
600309.SH,20230629,20230822,89.54475,91.954,600,53742.968055,55100.67588,1357.707825000005,0.0252629855427884,54.0,sar_break,87.94575810106744,95.91461081347154,9.749670619236,1.14496374415421,0.0
300274.SZ,20230629,20230822,116.2581,100.1499,500,58146.488715,50009.852565,-8136.636149999998,-0.1399334049194444,54.0,sar_break,69.09025683833335,87.50601121822606,39.89226869455004,2.3454952521178654,0.0
000568.SZ,20230629,20230824,218.109,225.757065,200,43634.88653999999,45092.7161631,1457.8296231000058,0.0334097264527917,56.0,sar_break,200.7758160848659,227.89414619754027,29.758308157099663,0.7892979649066262,0.0
000651.SZ,20230629,20230824,37.488735,34.212885,1200,44999.9779446,41002.0898994,-3997.888045199994,-0.0888420001032409,56.0,sar_break,30.299262257116805,34.041588302897715,13.549450467066379,0.9017699115252481,0.0
601668.SH,20230921,20230927,5.6428199999999995,5.527235,11000,62089.641306,60720.5455395,-1369.095766499995,-0.0220503088389994,6.0,sar_break,5.0052937460518,5.677511054958939,35.13513513513506,1.2814156868434585,0.0
600809.SH,20230921,20231009,247.16352,239.38025,200,49447.533811199995,47813.811135,-1633.7226761999918,-0.0330395178541735,18.0,sar_break,226.31271252162503,249.3503072242439,24.335574767851426,0.6459203443385222,0.0
601899.SH,20230921,20231009,13.10655,11.904045,4800,62930.313431999995,57065.134759199995,-5865.178672800001,-0.093201167337863,18.0,sar_break,11.602269490513164,12.912665962236414,30.96446700507613,1.2972868344166983,0.0
600016.SH,20230921,20231010,3.851925,3.668165,15800,60878.6731245,57881.66289090001,-2997.010233599991,-0.0492292305298926,19.0,sar_break,3.1938053531428325,3.6301175598563344,36.5384615384617,2.1922848974738227,0.0
601601.SH,20230921,20231010,29.19459,28.835575,2100,61327.0315917,60475.98638025,-851.0452114499931,-0.0138771629632433,19.0,sar_break,26.638313014419207,29.55963240299523,30.470914127423725,0.7284439972491742,0.0
002142.SZ,20230921,20231010,28.23411,27.376305,2200,62133.676512599995,60149.5747677,-1984.101744899992,-0.0319327916238408,19.0,sar_break,25.257675776498253,27.57583326575298,39.16083916083927,0.8785730754983093,0.0
603259.SH,20230921,20231024,79.689825,84.95750000000001,700,55799.61236325,59392.938675000005,3593.326311750003,0.0643969762434513,33.0,sar_break,80.27020549290793,86.70324152292642,56.398742703188134,0.6842285420643249,0.0
601166.SH,20230921,20231024,16.228109999999997,15.782105,3900,63308.615888699984,61470.19422765,-1838.421661049986,-0.02903904366322,33.0,sar_break,14.133843489325605,15.121596210943023,21.621621621621514,1.0219468196043247,0.0
601088.SH,20230921,20231107,31.405695,29.315335,2000,62830.233417,58554.450129,-4275.783287999991,-0.0680529588298981,47.0,sar_break,25.86773929236499,28.12283054003724,26.185101580135395,2.0846716126332736,0.0
601288.SH,20230921,20231208,3.591795,3.5582200000000004,16800,60360.25864679999,59700.38447520001,-659.8741715999859,-0.0109322621604599,78.0,sar_break,3.17936507936508,3.366911895844481,37.93103448275873,1.3621438326533235,0.0
601328.SH,20230921,20231212,5.7528749999999995,5.707145000000001,10800,62149.689315,61557.0376842,-592.6516307999918,-0.0095358743918443,82.0,sar_break,5.072417594532026,5.3114320361591885,39.21568627450993,1.449824924616646,0.0
002352.SZ,20231222,20231227,39.969975,39.350315,2000,79963.931985,78598.319181,-1365.612804000004,-0.0170778596062056,5.0,sar_break,36.763933773780145,39.59624293560456,39.33054393305435,0.49009816508473386,0.0
603501.SH,20231222,20240103,109.104525,101.949,700,76396.07945024999,71271.52641,-5124.553040249986,-0.0670787437932224,12.0,left_universe,102.09432454036772,94.83931361317374,36.78160919540237,1.2481477258258469,0.7512515541917799
300760.SZ,20231222,20240108,291.48566999999997,283.51817000000005,300,87471.93471029999,84944.87891370001,-2527.055796599976,-0.0288899040014306,17.0,sar_break,270.00990571120695,286.8754121767242,35.77757409104815,1.1150243244232458,0.0
300498.SZ,20231222,20240111,18.96948,19.250370000000004,4300,81593.23462920001,82668.98143170001,1075.746802499998,0.0131842646928844,20.0,sar_break,18.513921360255047,19.57760938871691,54.285714285714285,1.2659085655644844,0.0
002714.SZ,20231222,20240111,39.519749999999995,36.471755,2000,79063.21184999999,72848.68343700001,-6214.528412999978,-0.0786020232113803,20.0,sar_break,34.87278203062046,39.92378122481869,35.24492234169642,3.093167698344866,0.0
600900.SH,20230921,20240119,22.581285,23.28835,2700,60987.76034084999,62796.8028915,1809.0425506500103,0.0296623870189622,120.0,sar_break,21.997543402546995,22.620115385637945,51.11111111111115,1.851762079732667,0.0
601398.SH,20231222,20240119,4.792395,4.827585,16800,80536.38967080001,80997.9935436,461.60387279998395,0.0057316186470095,28.0,sar_break,4.34392149008612,4.460356499098738,59.5238095238095,2.076025995556791,0.0
000333.SZ,20231222,20240319,51.93595499999999,62.16890000000001,1500,77927.30367975,93132.120645,15204.816965250007,0.1951153991896821,88.0,sar_break,56.6265858242031,60.522160763039395,52.19123505976094,1.304504463944949,0.0
601988.SH,20231222,20240319,3.991995,4.33783,20400,81461.1290094,88376.6927484,6915.563739000005,0.084894032566158,88.0,sar_break,3.883688080495355,4.1693846749226005,37.77777777777768,0.9666150372779327,0.0
600900.SH,20240326,20240327,25.0125,24.777605,900,22518.003375,22270.85470215,-247.14867284999855,-0.0109756033309946,1.0,sar_break,23.431345545423127,24.80855023529099,25.242718446601884,0.8750561923485524,0.0
688981.SH,20240326,20240402,44.6223,44.25786,500,22317.843344999997,22100.162391,-217.68095399999584,-0.0097536733561114,7.0,left_universe,44.3,41.960529837699134,30.793991416308984,0.8847667817582539,0.7268886953432074
600050.SH,20240326,20240402,4.612305,4.727635,5700,26298.02554155,26912.487724650004,614.462183100004,0.0233653352465254,7.0,left_universe,4.467384999728453,4.088174664773799,55.55555555555561,1.0547672053554162,0.6943656094244304
002352.SZ,20240326,20240402,38.129054999999994,36.501740000000005,700,26698.34560154999,25518.001416600004,-1180.3441849499904,-0.0442103867619971,7.0,left_universe,34.137270821725174,31.75084432765917,25.046382189239438,1.5116558139470915,0.8010728170162302
300059.SZ,20240326,20240409,13.156575,12.53373,1800,23688.9395505,22531.3850718,-1157.5544787,-0.0488647656106483,14.0,sar_break,12.452927659480446,14.271671284129228,28.352490421456025,0.7901681864452851,0.0
300124.SZ,20240326,20240410,60.75035999999999,58.080945,300,18230.5755324,17401.63193145,-828.9436009499987,-0.0454699633303826,15.0,sar_break,57.46695814013188,67.24856803632454,22.099447513812123,1.3153248861644182,0.0
002230.SZ,20240326,20240411,49.0245,45.87705,400,19615.68294,18326.963934000003,-1288.7190059999955,-0.0656984011182225,16.0,sar_break,45.691241197183096,54.092855046948365,36.88711516533635,0.6202678195430367,0.0
601668.SH,20240326,20240412,5.192595,5.07746,4600,23893.1027811,23325.952789200004,-567.1499918999943,-0.0237369753562782,17.0,sar_break,4.62376500315856,4.9962097283638665,36.363636363636374,1.2037519799065466,0.0
600887.SH,20240326,20240412,28.514249999999997,26.946520000000003,1000,28522.804274999995,26911.489524000004,-1611.3147509999908,-0.056492157484399,17.0,sar_break,24.429619008873296,26.481996327531416,15.14084507042243,0.987239695190325,0.0
600016.SH,20240326,20240415,3.971985,3.91804,6000,23839.059573,23477.679288000003,-361.3802849999957,-0.0151591669920273,20.0,sar_break,3.4119614564995833,3.647570048124874,42.857142857142875,0.9684087605085042,0.0
600941.SH,20240326,20240415,103.43169,100.999475,200,20692.543901399997,20173.6351365,-518.9087648999957,-0.025077088992663,20.0,sar_break,92.63751238850348,100.09068384539148,43.99410464259394,1.4670956840460505,0.0
000001.SZ,20240326,20240415,10.455225,10.064965,3300,34512.59317274999,33171.20580015,-1341.3873725999947,-0.0388666063394827,20.0,sar_break,8.724461396023463,9.747807762555045,32.773109243697476,1.0192580044787705,0.0
601012.SH,20240326,20240417,20.01,18.220885000000003,1500,30024.004499999995,27295.796774250004,-2728.2077257499914,-0.0908675498549832,22.0,sar_break,17.981801130459022,22.289529313360195,30.666666666666586,0.8511479960035641,0.0
600809.SH,20240326,20240422,248.113995,240.749565,200,49637.6858397,48087.3181131,-1550.367726599994,-0.03123368264199,27.0,sar_break,225.72685080236235,243.60508262244232,43.526228143213984,0.9167529101214082,0.0
002475.SZ,20240326,20240423,30.014999999999997,27.00649,800,24019.203599999997,21577.1052504,-2442.098349599997,-0.1016727444535254,28.0,sar_break,26.899683678139613,31.865019784599884,33.88059701492544,0.873099457844225,0.0
300308.SZ,20240326,20240423,165.59275499999998,158.890515,100,16564.2755,15868.1624485,-696.1130515000004,-0.0420249621844312,28.0,sar_break,112.91021664316794,132.67449553524054,51.38079165388155,1.5251548552825245,0.0
600919.SH,20240326,20240429,7.723859999999999,7.63618,3800,29359.473200399996,28979.7612708,-379.7119295999946,-0.0129331996867989,34.0,sar_break,6.847960757697291,7.54436354661566,41.66666666666665,5.327409581371364,0.0
600028.SH,20240326,20240430,6.233115,6.25687,3800,23692.9427511,23745.1970622,52.25431110000136,0.0022054799882372,35.0,sar_break,5.6934106993714,6.16634577344059,47.24409448818896,1.911168989794078,0.0
600406.SH,20240326,20240506,24.442214999999997,23.997995000000003,1400,34229.3667303,33553.516649100005,-675.8500811999911,-0.0197447439365486,41.0,sar_break,22.31862264147321,24.935419518723258,50.50167224080266,1.9465267578191536,0.0
601288.SH,20240326,20240507,4.232115,4.33783,5700,24130.29241665,24693.4876797,563.1952630499982,0.0233397612148865,42.0,sar_break,3.884898341359015,4.126029962546817,56.896551724137886,1.225176883899397,0.0
601398.SH,20240326,20240514,5.292644999999999,5.407295,4600,24353.4708501,24841.2213759,487.7505258000019,0.0200279676273741,49.0,sar_break,4.845487682755858,5.051488083316643,38.7755102040817,0.7851214311855744,0.0
601857.SH,20240326,20240514,9.294645,10.03498,3200,29751.7868592,32070.190483199996,2318.4036239999987,0.0779248532187938,49.0,sar_break,9.020899176496773,9.957200089027378,36.4864864864865,0.7026304691541402,0.0
000568.SZ,20240326,20240514,183.0915,180.22984,100,18314.642745,17999.5541208,-315.0886242000015,-0.0172041916725906,49.0,sar_break,164.6888083207298,180.1118724034268,52.988691437802906,1.7329236217586812,0.0
000725.SZ,20240326,20240528,3.931965,4.287855,6100,23992.18199595,26121.912809850004,2129.730813900005,0.0887677000057566,63.0,sar_break,4.205262382075472,4.469929245283018,37.93103448275859,0.7572362329253715,0.0
601816.SH,20240326,20240529,4.98249,5.147425000000001,4900,24421.5252603,25189.593402750004,768.0681424500035,0.0314504575067875,64.0,sar_break,4.89047619047619,5.147368908652956,51.0204081632653,0.5457266416051668,0.0
601328.SH,20240326,20240613,6.313154999999999,7.126435,3800,23997.1859967,27045.2484111,3048.0624143999994,0.1270174934185682,79.0,sar_break,6.311751736302503,6.533061404475801,52.1739130434783,1.4225714874628224,0.0
600309.SH,20240326,20240613,78.13904999999998,86.73661,300,23448.747514499995,25987.1557221,2538.408207600005,0.1082534666736605,79.0,sar_break,84.88209941716543,90.749886785992,31.757289204097788,1.1363643670014023,0.0
601166.SH,20240326,20240614,16.338164999999996,17.17141,1500,24514.599674249996,25723.6307505,1209.0310762500048,0.049318817860198,80.0,sar_break,15.417922027428247,16.56730701258306,24.456521739130366,0.5052156309331213,0.0
002415.SZ,20240626,20240627,31.0155,31.034475000000004,1500,46537.206975,46491.19527375001,-46.01170124999044,-0.0009887078370368,1.0,sar_break,29.9302882334418,32.49533200377874,27.118229765859965,0.9745883280199802,0.0
601668.SH,20240626,20240627,5.48274,5.247375,9000,49359.46339799999,47164.9807125,-2194.482685499992,-0.0444592087196172,1.0,sar_break,4.959873657612129,5.414074542008844,41.15664665945096,1.0258832071480517,0.0
000001.SZ,20240626,20240708,10.06503,9.93503,4900,49333.44259409999,48618.3608589,-715.081735199994,-0.0144948679353975,12.0,sar_break,9.263962612405765,10.181429104305712,44.14197033202214,1.7110905987539378,0.0
600030.SH,20240626,20240709,18.099045,17.461265,2600,47071.6342551,45340.2699243,-1731.3643307999955,-0.0367814790839221,13.0,sar_break,16.787062692202294,18.715176749992388,23.37500137940502,1.052593335622301,0.0
300760.SZ,20240626,20240709,292.02594,280.15985,100,29211.3547782,27979.5642195,-1231.7905586999989,-0.0421682105487029,13.0,sar_break,268.31878591954023,300.85703125000003,34.41634296658998,0.7887918488384077,0.0
601318.SH,20240626,20240710,41.50073999999999,41.049465000000005,1100,45664.50924419999,45095.71076505,-568.7984791499839,-0.0124560296073307,14.0,sar_break,37.69244126659857,41.82005426455567,44.61714059359689,0.9504743841013387,0.0
601088.SH,20240626,20240712,43.84191,41.509235,1100,48240.56883029999,45600.80029395001,-2639.768536349984,-0.0547209247394267,16.0,sar_break,38.50238510242086,40.38105027932961,48.247408285962685,1.3751633607077476,0.0
002475.SZ,20240626,20240725,37.268625,37.28135,1400,52191.7278225,52126.037943,-65.68987950000155,-0.001258626265898,29.0,sar_break,37.668115683423224,43.05779855048114,47.210115133988445,0.8775677615999237,0.0
300308.SZ,20240626,20240726,138.069,122.648645,300,41433.126209999995,36746.76052845,-4686.365681549993,-0.1131067363297082,30.0,sar_break,121.65643486302513,158.87870711481025,31.25365568336909,1.4443986550647345,0.0
601138.SH,20240626,20240726,27.13356,23.1884,1800,48855.0601224,41684.859144,-7170.2009783999965,-0.1467647560034926,30.0,sar_break,22.136283036392804,28.118804357004137,29.492600422832993,1.2346285396131036,0.0
601225.SH,20240626,20240726,26.8134,23.68815,2100,56325.03244199999,49680.446350499995,-6644.586091499994,-0.1179686154347478,30.0,sar_break,22.19227319765436,25.47343911693687,31.52000000000001,1.0802451018823556,0.0
600900.SH,20240626,20240801,28.704345,29.635175,1700,48812.02571595,50314.30376325,1502.2780472999948,0.0307768019307812,36.0,sar_break,28.92322813920719,30.29867971180177,55.858294595595936,1.094233567601808,0.0
601985.SH,20240626,20240801,10.475235,10.9945,4900,51344.05009545,53803.015035,2458.964939550002,0.0478919161028146,36.0,sar_break,10.81779815765876,12.053557512024131,46.24162545145095,2.4580111123379815,0.0
002594.SZ,20240626,20240805,252.126,230.72458,200,50440.32756,46084.9276092,-4355.399950799998,-0.086347574678597,40.0,sar_break,77.33824184894759,87.89247277691355,27.55468609830757,1.246934908684451,0.0
601601.SH,20240626,20240807,28.29414,27.436275,1700,48114.4680114,46581.03333225,-1533.4346791499993,-0.0318705525079623,42.0,sar_break,26.665180394826415,29.113131381892444,36.310395314787726,1.9061035653798628,0.0
601728.SH,20240920,20241009,5.872935,6.506745,8300,48759.984108150005,53935.77572145,5175.791613299996,0.1061483449588509,19.0,left_universe,6.427636093698449,5.447736347652058,72.77041956731932,3.8035342000459207,0.8544591608653614
600031.SH,20240920,20241025,15.737865,17.45127,3100,48802.01771445,54028.608381900005,5226.5906674500075,0.1070978396432663,35.0,sar_break,16.864655503480574,20.07512891354683,47.28571428571428,0.626468488732269,0.0
600309.SH,20240920,20241025,75.53775,77.44126000000001,600,45336.246795,46404.35181720001,1068.1050222000122,0.0235596260764534,35.0,sar_break,76.3825549127175,99.08021334931314,37.29781160799238,0.93533695328581,0.0
600276.SH,20240920,20241025,44.92245,48.575700000000005,1100,49429.5194085,53363.806749,3934.2873405000064,0.0795938821089055,35.0,sar_break,48.49490631138755,57.32303184906771,49.97726239199638,1.6314353174184206,0.0
600690.SH,20240920,20241031,26.89344,29.985000000000003,1800,48422.71445759999,53902.8351,5480.120642400012,0.1131725204541874,41.0,sar_break,28.56383756406279,33.78939580738799,35.357624831309025,0.9565546519153677,0.0
000651.SZ,20240920,20241031,40.72035,44.47775,1200,48879.07932600001,53303.914710000005,4424.835383999998,0.090526160578608,41.0,sar_break,42.91691042303755,49.43225615130559,29.86472424557755,0.7216336820251238,0.0
600406.SH,20240920,20241101,25.662825,25.94702,2000,51341.047694999994,51826.577748,485.5300530000095,0.0094569564665758,42.0,sar_break,25.30051153654889,29.521054177714888,45.3423786100016,0.9353596512559077,0.0
300274.SZ,20240920,20241104,78.389175,87.956,700,54888.88422674999,61489.16004,6600.275813250009,0.120247950131101,45.0,sar_break,86.16813087251738,116.44421223010596,39.69134313961898,1.1450785343322558,0.0
601601.SH,20240920,20241114,30.31515,35.912035,1700,51551.2157265,60971.093902650005,9419.878176150009,0.1827285359500784,55.0,sar_break,34.99015656909463,41.78030633083731,36.79078014184398,0.623003182465447,0.0
002594.SZ,20240920,20241127,255.50768999999997,279.14036,200,51116.868461399994,55755.4955064,4638.627045000008,0.0907455246109762,68.0,sar_break,92.56674053144545,111.35283786786884,24.51935738741129,0.6192957988401244,0.0
600030.SH,20240920,20241202,19.30965,30.5847,2500,48288.6072375,76362.349725,28073.742487499992,0.5813740361038714,73.0,sar_break,30.241603994762965,35.886703407118716,28.422152560083575,0.9174165281538917,0.0
300750.SZ,20240920,20241206,186.99345,255.872,200,37409.909607,51107.87328,13697.963672999998,0.366158694765648,77.0,sar_break,248.87777430447017,293.1119099718662,41.135014836795264,0.5056988230919625,0.0
601318.SH,20240920,20241216,44.00198999999999,53.683145,1100,48416.70965669999,58974.69260265001,10557.982945950018,0.2180648586162026,87.0,sar_break,51.38475804392237,59.07946884576098,56.407447973713055,1.5481189848138615,0.0
300059.SZ,20240920,20241217,10.66533,25.70714,4500,48008.38319549999,115531.743231,67523.3600355,1.406491023880788,88.0,sar_break,25.674424699353477,30.909016142910986,53.5672514619883,0.7054515740787802,0.0
601668.SH,20241220,20250103,5.96298,5.81709,8900,53086.4431566,51704.7972687,-1381.6458878999983,-0.026026341298178,14.0,sar_break,5.561905243209098,6.488889450410613,31.39534883720924,1.5248883124016586,0.0
601766.SH,20241220,20250103,8.14407,7.996,7300,59469.5465133,58294.917960000006,-1174.62855329999,-0.0197517657720374,14.0,left_universe,7.625865811207426,7.301282128561303,38.72832369942201,1.383649542759395,0.7609083068770955
000001.SZ,20241220,20250103,11.595795,11.43428,5100,59156.29606634999,58239.01872359999,-917.2773427499995,-0.0155059968886689,14.0,sar_break,10.852866508544398,12.47893860427376,36.70886075949355,1.4974971527261651,0.0
603259.SH,20241220,20250103,55.90794,53.023475,1000,55924.712382,52954.5444825,-2970.167899499997,-0.0531101148846673,14.0,sar_break,51.76534517307768,59.51161054575458,28.026172300981443,0.7606720620977109,0.0
000725.SZ,20241220,20250107,4.42221,4.187905000000001,12000,53082.439955999995,50189.52868200001,-2892.9112739999837,-0.0544984608167581,18.0,sar_break,4.12747272995283,4.858173643867924,41.176470588235354,0.7952836362528456,0.0
600887.SH,20241220,20250109,29.49474,28.9855,2000,59007.176844,57895.6377,-1111.539144000002,-0.0188373551057802,20.0,sar_break,27.508635798871868,30.1604116683343,43.313953488372135,0.9171618185331392,0.0
601816.SH,20241220,20250114,6.16308,5.697150000000001,10700,65964.73948680001,60880.25764350001,-5084.481843300004,-0.0770787830416194,25.0,sar_break,5.527639429312582,6.421387808041505,24.719101123595493,0.7714115546185228,0.0
600919.SH,20241220,20250211,9.32466,9.51524,6400,59695.7273472,60818.3692032,1122.641856000002,0.0188060671322511,53.0,sar_break,9.357877460356637,9.810043808231011,51.14942528735635,1.1917622699150325,0.0
600900.SH,20241220,20250218,29.224605,28.035975,2000,58466.744763,55999.056465,-2467.688298000001,-0.0422066990047588,60.0,sar_break,27.488461702071096,28.991032089968897,40.166409343611754,1.2606724344448883,0.0
000063.SZ,20241220,20250219,36.8184,39.10044,1400,51561.223728,54669.453199200005,3108.2294712000075,0.0602823060910422,61.0,sar_break,38.53224541814037,43.79867855368157,39.65417867435158,0.6358701305915019,0.0
600036.SH,20241220,20250401,38.069025,43.25836,1300,49504.57941975,56162.761371600005,6658.181951850005,0.134496283573994,102.0,sar_break,41.49541130678311,44.188922643629056,48.55263157894733,0.8729479641590381,0.0
603019.SH,20250325,20250402,66.923445,65.64716000000001,300,20083.05661005,19668.545607600005,-414.51100244999543,-0.0206398363804125,8.0,left_universe,65.60574075889794,63.008137102937845,23.06993642143503,0.6429659301480329,0.7181567201719332
600050.SH,20250325,20250402,5.672834999999999,5.547225,4200,23833.054772099997,23268.0571515,-564.9976205999956,-0.023706470949809,8.0,left_universe,5.388788356052789,5.314436845204407,14.736842105263051,0.4324420035241709,0.0
601012.SH,20250325,20250402,17.10855,15.982005,1500,25670.5238475,23941.84259025,-1728.681257250002,-0.067341097810061,8.0,sar_break,16.04,17.99,38.12949640287767,0.7540038520122664,0.0
300760.SZ,20250325,20250403,240.130005,227.886,100,24020.20440015,22758.974820000003,-1261.2295801499968,-0.0525070294631681,9.0,sar_break,225.15381465517245,256.4398706896552,31.025574786876803,1.786295895821776,0.0
600309.SH,20250325,20250407,67.13354999999999,62.7686,300,20146.107019499996,18806.100246,-1340.0067734999975,-0.0665144274376665,13.0,sar_break,64.87582894007814,73.01738033581353,31.696428571428655,0.9560393675954764,0.0
600690.SH,20250325,20250407,28.23411,24.46776,1100,31066.8382563,26879.5471032,-4187.291153099995,-0.1347833055477044,13.0,sar_break,25.029182079546665,27.770928360779443,39.257812499999964,1.2909398109255008,0.0
601398.SH,20241220,20250408,6.5032499999999995,6.696650000000001,8100,52692.127897499995,54172.3492755,1480.2213780000093,0.0280918884293196,109.0,sar_break,6.508446224714599,6.87430562787903,46.26865671641783,2.531702041467678,0.0
601288.SH,20241220,20250408,5.04252,5.01749,10600,53466.7472136,53116.25298779999,-350.4942258000083,-0.0065553684124411,109.0,sar_break,4.849460049937578,5.138692259675406,42.85714285714281,2.5832558001463157,0.0
002475.SZ,20250325,20250408,41.030505,29.175405,500,20521.40707575,14568.1147975,-5953.292278249997,-0.290101563517297,14.0,sar_break,31.701677085204132,46.70255667323256,14.7554129911789,0.6751821333380171,0.0
688981.SH,20250325,20250408,91.495725,83.958,200,18304.634743499995,16769.77092,-1534.8638234999962,-0.0838511035597161,14.0,sar_break,84.0,106.86,26.230339928970025,2.4796261801364845,0.0
601899.SH,20250325,20250408,18.059025,15.53223,1300,23483.775519749997,20165.6495313,-3318.125988449996,-0.1412944007090951,14.0,sar_break,15.072306702807005,18.54451233518629,34.949832775919745,2.1277424304634294,0.0
600887.SH,20250325,20250408,28.03401,27.56621,800,22433.9361624,22024.299141599997,-409.6370208000008,-0.0182597034169405,14.0,sar_break,26.036475529704113,28.395706730293465,31.46341463414636,2.0486545736649613,0.0
300124.SZ,20250325,20250408,69.79488,62.18889,300,20944.745539200005,18632.4133329,-2312.332206300005,-0.1104015420942815,14.0,sar_break,61.61005663677058,81.19609238371812,27.428878153515825,2.0265846720228198,0.0
600000.SH,20250325,20250408,10.655325,9.765115,3000,31975.5647925,29257.2610515,-2718.3037409999997,-0.0850119070183739,14.0,sar_break,9.36596950613192,10.404475969506134,23.163841807909648,2.831510867959769,0.0
688041.SH,20250325,20250408,148.97445,137.931,200,29803.828467,27550.33794,-2253.490526999998,-0.0756107736123617,14.0,sar_break,136.29677033492823,171.6943779904306,18.580733630442182,2.025005955233554,0.0
300059.SZ,20250325,20250408,23.31165,19.650170000000003,1400,32646.100893000003,27474.474690600004,-5171.626202399999,-0.1584148201756278,14.0,sar_break,19.273267162660296,25.056244376495258,6.739526411657508,2.5310680127668914,0.0
601318.SH,20250325,20250408,52.176075,48.525725,600,31315.0366935,29077.5849345,-2237.451758999996,-0.0714497568979192,14.0,sar_break,46.431779877425946,51.920215143003055,20.32019704433499,2.774323676902384,0.0
000858.SZ,20250325,20250408,134.66729999999998,126.71661,200,26941.540037999996,25310.3756814,-1631.1643565999948,-0.0605445848418205,14.0,sar_break,120.77420420376374,136.18772860837726,10.991636798088393,1.9958884912713288,0.0
000333.SZ,20250325,20250408,76.848405,67.96600000000001,500,38435.72976075,33938.822100000005,-4496.907660749996,-0.1169981079777018,14.0,sar_break,63.6832003687551,76.30987838173245,39.54626334519574,1.9401686807338896,0.0
002352.SZ,20250325,20250408,42.651315,40.47975,900,38397.69935505,36384.4136925,-2013.285662549999,-0.0524324554951549,14.0,sar_break,39.25667117726658,43.54776725304466,26.162018592297557,2.2383252497614774,0.0
601728.SH,20250325,20250424,7.62381,7.75612,3100,23640.9011433,24012.7148364,371.81369310000446,0.0157275600809903,30.0,sar_break,7.48925767073573,8.309601616628175,46.551724137931004,0.837242455994574,0.0
002714.SZ,20250325,20250529,38.309144999999994,38.32083000000001,900,34488.57396915,34443.91162890001,-44.66234024998994,-0.0012949894736135,65.0,sar_break,37.23403706688154,42.17918261482675,34.81308411214941,0.8636008664404947,0.0
601988.SH,20241220,20250530,5.24262,5.507245,11300,59259.37848179999,62150.967070950006,2891.5885891500147,0.0487954592712796,161.0,sar_break,5.4046617647058826,5.649882352941177,31.578947368420955,0.7596102612019799,0.0
600276.SH,20250325,20250618,44.492234999999994,51.67415,500,22252.791335249996,25803.4868025,3550.6954672500033,0.1595618012031349,85.0,sar_break,51.84,56.29673734525163,42.47619047619049,1.442768666441948,0.0
600900.SH,20250624,20250701,30.625304999999997,30.184900000000003,900,27571.043332349996,27131.093667000005,-439.94966534999185,-0.0159569465705994,7.0,sar_break,29.410799989365383,30.435396538430865,51.746031746031775,1.062327194176934,0.0
600941.SH,20250624,20250702,112.55625,112.44375,200,22518.003375,22459.514625,-58.48875000000044,-0.0025974216730483,8.0,left_universe,109.99421209117938,108.72561003491492,45.44419134396349,0.6302271936400479,0.6721343366760779
601919.SH,20250624,20250702,16.158074999999997,15.27236,1600,25860.67587599999,24404.0094912,-1456.6663847999916,-0.0563274676881841,8.0,left_universe,14.672702205882354,13.504009359963227,57.70401974387339,0.8459476661627384,0.6691867271285271
601988.SH,20250624,20250702,5.652825,5.657170000000001,4500,25445.34381375,25424.170555500004,-21.17325824999716,-0.0008321073751243,8.0,left_universe,5.541985294117647,5.196685948969074,63.414634146341456,0.7816042279495727,0.6513311545022744
600887.SH,20250624,20250708,27.63381,27.336325,900,24877.8901287,24570.70899975,-307.18112895000013,-0.012347555494492,14.0,sar_break,26.916205779190076,29.36770998493628,34.78260869565207,1.5032819451622057,0.0
601088.SH,20250624,20250714,39.8199,37.04147,600,23899.107581999997,22195.9896534,-1703.117928599997,-0.0712628253066122,20.0,sar_break,35.97491247672253,38.520860335195536,42.53455299933695,1.674344470486086,0.0
600919.SH,20250624,20250714,11.92596,11.894050000000002,2300,27437.9369124,27320.7517905,-117.1851218999982,-0.004270915931986,20.0,sar_break,11.92,12.42474486333066,54.453573360244974,1.3343059920234999,0.0
002352.SZ,20250624,20250716,50.2251,46.946515,500,25120.083765,23442.74226525,-1677.3414997500004,-0.0667729262148024,22.0,sar_break,46.0068200270636,50.09217861975643,24.34514637904448,0.8979996151360163,0.0
600000.SH,20250624,20250717,13.316655,13.473260000000002,1900,25309.234993349997,25565.915047800005,256.68005445000745,0.0101417547593773,23.0,sar_break,13.48,14.364388465362946,55.26793038382705,0.9285574376583304,0.0
601169.SH,20250624,20250722,6.913455,6.776610000000001,4200,29045.2219533,28424.7617094,-620.4602438999973,-0.0213618696010516,28.0,sar_break,6.79,7.239999999999999,51.22289338261448,1.1459016190801499,0.0
601328.SH,20241220,20250725,7.493745,7.806095,7900,59218.345675649995,61587.98190435,2369.6362287000084,0.0400152385491981,217.0,sar_break,7.649881306728402,8.1585690662551,27.7777777777778,1.323300178532595,0.0
601229.SH,20250624,20250725,10.955474999999998,10.43478,2400,26301.027941999997,25010.9154864,-1290.112455599996,-0.0490517883348513,31.0,sar_break,10.116996009577017,11.115128757648312,18.471337579617654,1.3288636715898032,0.0
601398.SH,20250624,20250728,7.513755,7.486255000000001,3700,27809.23376805,27663.13461345,-146.09915459999684,-0.0052536202837724,34.0,sar_break,7.358291207690766,8.048906869617463,45.3068293333119,0.9162835183770163,0.0
601668.SH,20250624,20250729,5.72286,5.7471250000000005,4600,26333.0535468,26402.407192500003,69.35364570000456,0.0026337107307645,35.0,sar_break,5.76,6.04,55.70212400705393,0.9502939601002373,0.0
600016.SH,20250624,20250729,4.8024,5.047475,6100,29303.42839199999,30749.57102325,1446.142631250008,0.0493506292814807,35.0,sar_break,4.877041437533043,5.435270354968634,41.2996181840753,0.9097775296111841,0.0
000001.SZ,20250624,20250730,11.90595,12.343825,2200,26200.947926999997,27121.1116605,920.163733500005,0.0351194825493996,36.0,sar_break,12.084029591453076,13.053493877963492,36.41304347826097,0.6754836057903664,0.0
601166.SH,20250624,20250730,23.67183,22.70864,1100,26046.8247039,24947.030644799997,-1099.7940591000006,-0.0422237286733583,36.0,sar_break,22.710000000000004,25.45,11.897106109324994,1.0363024660546123,0.0
600036.SH,20250624,20250812,46.333155,44.107935000000005,600,27808.2329679,26430.356810700003,-1377.876157199997,-0.0495492165500241,49.0,sar_break,44.1,46.53735779497159,38.33333333333334,0.8691071773572524,0.0
603259.SH,20250624,20250821,65.63279999999999,92.25385,400,26260.995935999996,36853.567998,10592.572062000005,0.4033575911520983,58.0,sar_break,91.51059211818789,102.15576283839532,41.75905395417594,1.1774948834706285,0.0
000651.SZ,20250624,20250822,44.512245,46.95651,500,22262.79933675,23447.7332685,1184.933931749998,0.0532248399595456,59.0,sar_break,44.67568933198252,46.42861625045438,59.21375921375923,2.0188905734257787,0.0
601288.SH,20250624,20250829,5.892944999999999,6.986505,4900,28884.093129149995,34189.37046315,5305.277334000006,0.1836747067071975,66.0,sar_break,6.9107624398073835,7.225782949884073,63.478260869565155,1.0544475132275355,0.0
601318.SH,20250624,20250904,55.237604999999995,57.74111500000001,400,22101.6705126,23066.4206202,964.7501076000044,0.0436505515295781,72.0,sar_break,56.84491126149132,60.337459461184885,41.22137404580156,0.9848587288001295,0.0
601601.SH,20250624,20250904,36.11805,38.5807,700,25290.2197905,26971.381563000003,1681.1617725000033,0.0664747790421146,72.0,sar_break,38.64,42.23,44.70198675496687,0.8128241503437311,0.0
000063.SZ,20250624,20250908,31.2156,41.829075,800,24979.971744,33419.757762,8439.786018000003,0.337862112275094,76.0,sar_break,41.82,48.88,56.333453626849504,0.6562646085160732,0.0
600030.SH,20250624,20250912,26.29314,30.34482,1000,26301.027942,30305.371734000004,4004.3437920000033,0.1522504671996292,80.0,sar_break,30.329999999999995,32.53,35.87819893820078,0.9427558084178523,0.0
600000.SH,20250916,20250919,13.416705,12.683655,2100,28183.53302415,26601.049121850003,-1582.483902299995,-0.0561492379590589,3.0,sar_break,12.75,14.29,33.333333333333286,1.164146134466833,0.0
601288.SH,20250916,20250919,7.133565,6.71664,4100,29256.39078495,27502.424308799997,-1753.9664761500026,-0.0599515671308394,3.0,sar_break,6.664652666309969,7.432515159621901,41.25874125874126,1.1071014348954367,0.0
002594.SZ,20250916,20250925,109.0545,105.28733,200,21817.443269999996,21030.091294200003,-787.3519757999929,-0.0360881871471456,9.0,sar_break,105.71,116.59,54.32473444613046,0.7726306861228004,0.0
600887.SH,20250916,20250926,28.264125,26.906540000000003,1000,28272.6042375,26871.561498000003,-1401.042739499997,-0.0495547819978215,10.0,sar_break,26.522837773648384,29.01089040869957,26.819923371647363,1.0583565298969628,0.0
002714.SZ,20250624,20250930,41.870925,52.85356000000001,600,25130.0917665,31670.910223200004,6540.818456700003,0.2602783355299691,98.0,sar_break,52.08472502014504,58.64936583400484,43.856920684292334,1.0058278975275865,0.0
000333.SZ,20250624,20251010,72.13605,72.413775,300,21647.3072445,21695.89112775,48.58388325000123,0.0022443384159175,108.0,sar_break,72.17675460057441,77.59274403432259,28.071928071928056,1.3080198669219356,0.0
300274.SZ,20250916,20251014,137.878905,144.76758,200,27584.0537343,28915.876429200005,1331.8226949000054,0.048282341229778,28.0,sar_break,140.3056848513229,168.70064642228175,53.37086975848275,0.9530764949973645,0.0
600276.SH,20250916,20251014,69.13454999999999,67.576195,500,34577.6451825,33744.172973249995,-833.4722092500015,-0.024104365836683,28.0,sar_break,66.98,74.04,44.34364994663822,0.7708681766633061,0.0
002475.SZ,20250916,20251015,52.68632999999999,55.01248,500,26351.067949499997,27470.481888,1119.413938500005,0.0424807806896208,29.0,sar_break,55.01,72.2,53.63082039911308,0.8767546744759082,0.0
300502.SZ,20250916,20251015,349.11447,321.13935000000004,100,34921.9204341,32072.186884500006,-2849.733549599994,-0.0816030021881995,29.0,sar_break,316.5,401.1,39.657732833604435,1.2122295506279765,0.0
300059.SZ,20250916,20251016,27.27363,25.407290000000003,1100,30009.9932979,27911.68657530001,-2098.306722599995,-0.069920266284992,30.0,sar_break,25.54,29.359999999999996,32.99363057324837,0.5735258502056017,0.0
002230.SZ,20250916,20251016,51.6258,53.943015,600,30984.772644,32323.7334483,1338.9608043000007,0.0432135107035965,30.0,sar_break,54.48,60.989999999999995,54.5021645021645,0.7190983425080031,0.0
603501.SH,20250916,20251020,138.069,128.99547,200,27622.08414,25765.5551778,-1856.5289621999984,-0.0672117626168377,34.0,sar_break,126.83531574740206,156.96206671026812,33.36246449639499,0.6174814890832776,0.0
300760.SZ,20250624,20251021,226.15301999999997,223.358265,100,22622.086590599996,22306.78992555,-315.2966650499948,-0.0139375589332686,119.0,sar_break,222.02515086206895,253.90750718390805,37.98313422347146,0.7401482112942744,0.0
688008.SH,20250916,20251021,118.059,136.23185,300,35428.32531,40816.4245785,5388.099268500002,0.1520845036098603,35.0,sar_break,134.95329419755484,169.65271686396275,58.10588622163765,0.8624724635334853,0.0
601899.SH,20250624,20251023,18.439214999999997,29.015485,1600,29511.594823199994,46364.4237912,16852.82896800001,0.5710578865345315,121.0,sar_break,29.45,32.65,63.27980749418636,0.9639942532586295,0.0
000858.SZ,20250916,20251103,126.713325,118.44075,200,25350.2677995,23657.355405,-1692.9123944999992,-0.0667808485452524,48.0,sar_break,116.28302418704254,128.85046423280576,45.80896686159841,2.1030848719521513,0.0
300750.SZ,20250624,20251104,240.70029,382.86847,100,24077.250008699997,38237.0740989,14159.824090200009,0.5880997242244667,133.0,sar_break,386.86,424.36000000000007,67.273162556859,0.7435583133659767,0.0
603019.SH,20250916,20251104,106.053,106.82656,200,21216.96318,21337.5370944,120.57391440000356,0.0056829016187227,49.0,sar_break,106.46,128.12,51.3690815744438,0.6119575887789114,0.0
000725.SZ,20250916,20251104,4.172085,4.047975,7100,29630.69004105,28703.25969075,-927.430350300001,-0.0312996541428886,49.0,sar_break,4.06,4.34,50.0,0.6704085867579475,0.0
603259.SH,20250916,20251104,106.55325,95.952,400,42634.08639,38330.90496,-4303.181429999997,-0.1009328871419026,49.0,sar_break,96.41,115.41238929708068,50.59770675774578,1.071456844261927,0.0
600031.SH,20250916,20251105,20.71035,21.599195,1300,26931.532036499997,28042.450860450004,1110.9188239500072,0.0412497448137889,50.0,sar_break,21.71,23.97,31.019522776572643,0.6722004266629368,0.0
300124.SZ,20250916,20251105,79.99998,72.25385500000002,500,40011.989997,36079.96249425001,-3932.027502749988,-0.0982712307746953,50.0,sar_break,73.09,91.0,24.395161290322633,0.7562715097163474,0.0
603986.SH,20250916,20251106,189.0945,224.38775,100,18915.122835,22409.6045925,3494.4817575000015,0.1847453906582046,51.0,sar_break,218.39,254.44,54.08699808795411,0.780124688703214,0.0
688981.SH,20250916,20251112,109.0545,116.9415,300,32726.164905,35036.842815,2310.677910000006,0.0706064372867281,57.0,sar_break,117.73,153.0,37.10959681998864,0.5169485238300877,0.0
688041.SH,20250916,20251113,234.187035,219.79005,100,23425.72911105,21950.4322935,-1475.296817549999,-0.0629776264617563,58.0,sar_break,219.98,277.98,40.316205533596836,0.6323288850767101,0.0
601138.SH,20250916,20251118,59.89993499999999,63.618175,1500,89876.85747074998,95303.20705875,5426.349588000012,0.060375381835819,63.0,sar_break,64.94,83.88,37.565265182742515,0.6530811799582426,0.0
601166.SH,20251217,20251218,20.420205,20.419785,2600,53108.460759899994,53022.4221267,-86.038633199998,-0.0016200551092785,1.0,sar_break,20.48,21.9,26.90355329949233,1.0340265846788983,0.0
